Lokasi,Jenis_Kendaraan,Hari,Jam_Ramai_Lama,Jam_Ramai_Pukul,Jam_Sedang_Lama,Jam_Sedang_Pukul,Jam_Sepi_Lama,Jam_Sepi_Pukul,Banyak_Kendaraan_Ramai,Banyak_Kendaraan_Sedang,Banyak_Kendaraan_Sepi,Sirkulasi_Ramai,Sirkulasi_Sedang,Sirkulasi_Sepi,Total_Ramai,Total_Sedang,Total_Sepi,Total_Sehari,Tarif_Parkir,Pendapatan_Sehari,Total_Mingguan,Potensi_Tahunan,Total Sirkulasi,Total Durasi Jam,Intensitas (kendaraan/jam),Kerapatan jalan
Toko Satria,Motor,Weekday,2.0,15.00-17.00,3.0,09.00-12.00,3.0,13.00-15.00,10.0,7.0,5.0,7.0,5.0,2.0,24.0,22.0,11.0,57.0,1000.0,57000.0,285000.0,5472000.0,14.0,8.0,1.75,Sedang
Toko Mlati,Motor,Weekday,2.0,14.00-16.00,3.0,08.00-11.00,3.0,11.00-14.00,13.0,9.0,5.0,9.0,8.0,3.0,31.0,33.0,14.0,78.0,1000.0,78000.0,390000.0,7488000.0,20.0,8.0,2.5,Tinggi
Toko Pagoda,Motor,Weekday,2.0,13.00-15.00,3.0,09.00-12.00,2.0,15.00-17.00,27.0,14.0,8.0,7.0,5.0,3.0,41.0,29.0,14.0,84.0,1000.0,84000.0,420000.0,8064000.0,15.0,7.0,2.142857142857143,Sedang
Matahari Bazzar,Motor,Weekday,3.0,18.00-21.00,5.0,"09.00-12.00, 15",2.0,13.00-15.00,23.0,12.0,7.0,10.0,7.0,3.0,53.0,47.0,13.0,113.0,1000.0,113000.0,565000.0,10848000.0,20.0,10.0,2.0,Sedang
Toko Bata,Motor,Weekday,3.0,18.00-21.00,6.0,"08.00-12.00, 15",2.0,13.00-15.00,31.0,12.0,7.0,8.0,6.0,4.0,55.0,48.0,15.0,118.0,1000.0,118000.0,590000.0,11328000.0,18.0,11.0,1.6363636363636365,Sedang
Kebondalam/Rita Pa,Motor,Weekday,3.0,18.00-21.00,5.0,"09.00-12.00, 15",2.0,13.00-15.00,23.0,12.0,8.0,12.0,8.0,5.0,59.0,52.0,18.0,129.0,1000.0,129000.0,645000.0,12384000.0,25.0,10.0,2.5,Tinggi
Gerai Indosat,Motor,Weekday,2.0,11.00-13.00,3.0,13.00-16.00,3.0,08.00-11.00,9.0,5.0,3.0,5.0,3.0,2.0,19.0,14.0,9.0,42.0,1000.0,42000.0,210000.0,4032000.0,10.0,8.0,1.25,Sedang
Toko Cinderela,Motor,Weekday,2.0,18.00-20.00,5.0,"09.00-12.00,
16.00-18.00",6.0,12.00-16.00,4.0,2.0,1.0,3.0,2.0,1.0,10.0,12.0,7.0,29.0,1000.0,29000.0,145000.0,2784000.0,6.0,13.0,0.46153846153846156,Sedang
Toko Daerah,Motor,Weekday,2.0,13.00-15.00,3.0,09.00-13.00,3.5,13.00-16.30,6.0,5.0,2.0,3.0,2.0,1.0,12.0,11.0,5.5,29.0,1000.0,29000.0,145000.0,2784000.0,6.0,8.5,0.7058823529411765,Sedang
ko Listrik Kebondale,Motor,Weekday,3.0,09.00-12.00,3.0,17.00-20.00,5.0,12.00-17.00,2.0,2.0,1.0,1.0,1.0,0.0,5.0,5.0,1.0,11.0,1000.0,11000.0,55000.0,1056000.0,2.0,11.0,0.18181818181818182,Sedang
BCL-Toko Lampu,Motor,Weekday,3.0,15.00-18.00,3.0,12.00-15.00,6.0,"09.00-12.00,
18.00-21.00",42.0,22.0,13.0,12.0,9.0,5.0,78.0,49.0,43.0,170.0,1000.0,170000.0,850000.0,16320000.0,26.0,12.0,2.1666666666666665,Sedang
Matahari Store,Motor,Weekday,5.0,13.00-18.00,3.0,18.00-21.00,3.0,09.00-13.00,31.0,29.0,19.0,27.0,23.0,15.0,166.0,98.0,64.0,328.0,1000.0,328000.0,1640000.0,31488000.0,65.0,11.0,5.909090909090909,Tinggi
Deretan Eka Surya,Motor,Weekday,5.0,13.00-18.00,3.0,18.00-21.00,3.0,09.00-13.00,7.0,3.0,2.0,4.0,2.0,1.0,27.0,9.0,5.0,41.0,1000.0,41000.0,205000.0,3936000.0,7.0,11.0,0.6363636363636364,Sedang
Toko Brasil,Motor,Weekday,2.0,11.00-13.00,4.0,13.00-17.00,2.0,09.00-11.00,5.0,2.0,1.0,3.0,1.0,1.0,11.0,6.0,3.0,20.0,1000.0,20000.0,100000.0,1920000.0,5.0,8.0,0.625,Sedang
Apotek Medika,Motor,Weekday,3.0,15.00-18.00,3.0,18.00-21.00,8.0,07.00-15.00,3.0,1.0,1.0,3.0,2.0,1.0,12.0,7.0,9.0,28.0,1000.0,28000.0,140000.0,2688000.0,6.0,14.0,0.42857142857142855,Sedang
Virgo Salon,Motor,Weekday,2.0,11.00-13.00,4.0,13.00-17.00,5.0,"09.00-11.00, 17",8.0,6.0,1.0,3.0,2.0,1.0,14.0,14.0,6.0,34.0,1000.0,34000.0,170000.0,3264000.0,6.0,11.0,0.5454545454545454,Sedang
Sukses Motor,Motor,Weekday,3.0,13.00-16.00,4.0,11.00-13.00,3.0,"08.00-11.00, 16",27.0,14.0,9.0,13.0,8.0,4.0,66.0,46.0,21.0,133.0,1000.0,133000.0,665000.0,12768000.0,25.0,10.0,2.5,Tinggi
PMI,Motor,Weekday,3.0,13.00-16.00,4.0,11.00-13.00,7.0,"07.00-11.00, 16",13.0,12.0,8.0,8.0,6.0,5.0,37.0,36.0,43.0,116.0,1000.0,116000.0,580000.0,11136000.0,19.0,14.0,1.3571428571428572,Sedang
Mie Ayam Pajak,Motor,Weekday,1.0,12.00-13.00,3.0,13.00-16.00,2.0,10.00-12.00,9.0,6.0,3.0,3.0,2.0,2.0,12.0,12.0,7.0,31.0,1000.0,31000.0,155000.0,2976000.0,7.0,6.0,1.1666666666666667,Sedang
Java Ateka,Motor,Weekday,3.0,14.00-17.00,4.0,17.00-21.00,6.5,09.30-14.00,15.0,10.0,4.0,14.0,9.0,4.0,57.0,46.0,30.0,133.0,1000.0,133000.0,665000.0,12768000.0,27.0,13.5,2.0,Sedang
Oramen,Motor,Weekday,3.0,"13.00-14.00, 1",4.0,14.00-18.00,2.0,11.00-13.00,16.0,8.0,5.0,14.0,6.0,4.0,58.0,32.0,13.0,103.0,1000.0,103000.0,515000.0,9888000.0,24.0,9.0,2.6666666666666665,Tinggi
Balai Paras,Motor,Weekday,3.0,14.00-17.00,4.5,17.00-21.30,6.5,07.30-14.00,9.0,5.0,3.0,5.0,3.0,2.0,24.0,18.5,16.0,59.0,1000.0,59000.0,295000.0,5664000.0,10.0,14.0,0.7142857142857143,Sedang
RM Ampera,Motor,Weekday,4.0,"11.00-13.00, 1",5.0,"16.00-18.00, 13",4.0,"09.00-11.00, 20",4.0,3.0,2.0,2.0,1.0,1.0,12.0,8.0,6.0,26.0,1000.0,26000.0,130000.0,2496000.0,4.0,13.0,0.3076923076923077,Sedang
Els Komputer,Motor,Weekday,4.0,"11.00-13.00, 1",5.0,"16.00-18.00, 13",4.0,"09.00-11.00, 20",6.0,4.0,3.0,3.0,2.0,1.0,18.0,14.0,7.0,39.0,1000.0,39000.0,195000.0,3744000.0,6.0,13.0,0.46153846153846156,Sedang
Bakso Kenthut,Motor,Weekday,2.0,11.00-13.00,8.0,13.00-21.00,2.0,09.00-11.00,11.0,6.0,3.0,7.0,5.0,3.0,25.0,46.0,9.0,80.0,1000.0,80000.0,400000.0,187296000.0,15.0,12.0,1.25,Sedang
Toko Satria,Mobil,Weekday,2.0,15.00-17.00,3.0,09.00-12.00,3.0,13.00-15.00,3.0,2.0,1.0,2.0,1.0,0.0,7.0,5.0,1.0,13.0,2000.0,26000.0,130000.0,2496000.0,3.0,8.0,0.375,Sedang
Toko Mlati,Mobil,Weekday,2.0,14.00-16.00,3.0,08.00-11.00,3.0,11.00-14.00,4.0,3.0,2.0,3.0,2.0,1.0,10.0,9.0,5.0,24.0,2000.0,48000.0,240000.0,4608000.0,6.0,8.0,0.75,Sedang
Toko Pagoda,Mobil,Weekday,2.0,13.00-15.00,3.0,09.00-12.00,2.0,15.00-17.00,6.0,4.0,3.0,3.0,2.0,2.0,12.0,10.0,7.0,29.0,2000.0,58000.0,290000.0,5568000.0,7.0,7.0,1.0,Sedang
Matahari Bazzar,Mobil,Weekday,3.0,18.00-21.00,5.0,"09.00-12.00, 15",2.0,13.00-15.00,4.0,3.0,2.0,4.0,2.0,2.0,16.0,13.0,6.0,35.0,2000.0,70000.0,350000.0,6720000.0,8.0,10.0,0.8,Sedang
Toko Bata,Mobil,Weekday,3.0,18.00-21.00,6.0,"08.00-12.00, 15",2.0,13.00-15.00,0.0,0.0,0.0,0.0,0.0,0.0,0.0,0.0,0.0,0.0,2000.0,0.0,0.0,0.0,0.0,11.0,0.0,Sedang
Kebondalam/Rita Pa,Mobil,Weekday,3.0,18.00-21.00,5.0,"09.00-12.00, 15",2.0,13.00-15.00,0.0,0.0,0.0,0.0,0.0,0.0,0.0,0.0,0.0,0.0,2000.0,0.0,0.0,0.0,0.0,10.0,0.0,Sedang
Gerai Indosat,Mobil,Weekday,2.0,11.00-13.00,3.0,13.00-16.00,3.0,08.00-11.00,2.0,1.0,1.0,2.0,1.0,0.0,6.0,4.0,1.0,11.0,2000.0,22000.0,110000.0,2112000.0,3.0,8.0,0.375,Sedang
Toko Cinderela,Mobil,Weekday,2.0,18.00-20.00,5.0,"09.00-12.00,
16.00-18.00",6.0,12.00-16.00,2.0,1.0,0.0,1.0,1.0,0.0,4.0,6.0,0.0,10.0,2000.0,20000.0,100000.0,1920000.0,2.0,13.0,0.15384615384615385,Sedang
Toko Daerah,Mobil,Weekday,2.0,13.00-15.00,3.0,09.00-13.00,3.5,13.00-16.30,6.0,4.0,2.0,3.0,2.0,2.0,12.0,10.0,9.0,31.0,2000.0,62000.0,310000.0,5952000.0,7.0,8.5,0.8235294117647058,Sedang
ko Listrik Kebondale,Mobil,Weekday,3.0,09.00-12.00,3.0,17.00-20.00,5.0,12.00-17.00,6.0,3.0,1.0,3.0,2.0,2.0,15.0,9.0,11.0,35.0,2000.0,70000.0,350000.0,6720000.0,7.0,11.0,0.6363636363636364,Sedang
BCL-Toko Lampu,Mobil,Weekday,3.0,15.00-18.00,3.0,12.00-15.00,6.0,"09.00-12.00,
18.00-21.00",12.0,6.0,4.0,4.0,3.0,2.0,24.0,15.0,16.0,55.0,2000.0,110000.0,550000.0,10560000.0,9.0,12.0,0.75,Sedang
Matahari Store,Mobil,Weekday,5.0,13.00-18.00,3.0,18.00-21.00,3.0,09.00-13.00,10.0,8.0,4.0,6.0,4.0,3.0,40.0,20.0,13.0,73.0,2000.0,146000.0,730000.0,14016000.0,13.0,11.0,1.1818181818181819,Sedang
Deretan Eka Surya,Mobil,Weekday,5.0,13.00-18.00,3.0,18.00-21.00,3.0,09.00-13.00,26.0,10.0,6.0,18.0,13.0,6.0,116.0,49.0,24.0,189.0,2000.0,378000.0,1890000.0,36288000.0,37.0,11.0,3.3636363636363638,Tinggi
Toko Brasil,Mobil,Weekday,2.0,11.00-13.00,4.0,13.00-17.00,2.0,09.00-11.00,2.0,2.0,1.0,2.0,1.0,1.0,6.0,6.0,3.0,15.0,2000.0,30000.0,150000.0,2880000.0,4.0,8.0,0.5,Sedang
Apotek Medika,Mobil,Weekday,3.0,15.00-18.00,3.0,18.00-21.00,8.0,07.00-15.00,2.0,2.0,1.0,2.0,1.0,1.0,8.0,5.0,9.0,22.0,2000.0,44000.0,220000.0,4224000.0,4.0,14.0,0.2857142857142857,Sedang
Virgo Salon,Mobil,Weekday,2.0,11.00-13.00,4.0,13.00-17.00,5.0,"09.00-11.00, 17",2.0,1.0,1.0,2.0,1.0,0.0,6.0,5.0,1.0,12.0,2000.0,24000.0,120000.0,2304000.0,3.0,11.0,0.2727272727272727,Sedang
Sukses Motor,Mobil,Weekday,3.0,13.00-16.00,4.0,11.00-13.00,3.0,"08.00-11.00, 16",10.0,8.0,4.0,6.0,4.0,2.0,28.0,24.0,10.0,62.0,2000.0,124000.0,620000.0,11904000.0,12.0,10.0,1.2,Sedang
PMI,Mobil,Weekday,3.0,13.00-16.00,4.0,11.00-13.00,7.0,"07.00-11.00, 16",2.0,2.0,1.0,2.0,1.0,1.0,8.0,6.0,8.0,22.0,2000.0,44000.0,220000.0,4224000.0,4.0,14.0,0.2857142857142857,Sedang
Mie Ayam Pajak,Mobil,Weekday,1.0,12.00-13.00,3.0,13.00-16.00,2.0,10.00-12.00,2.0,2.0,1.0,2.0,1.0,1.0,4.0,5.0,3.0,12.0,2000.0,24000.0,120000.0,2304000.0,4.0,6.0,0.6666666666666666,Sedang
Java Ateka,Mobil,Weekday,3.0,14.00-17.00,4.0,17.00-21.00,6.5,09.30-14.00,4.0,2.0,1.0,3.0,2.0,1.0,13.0,10.0,7.5,31.0,2000.0,62000.0,310000.0,5952000.0,6.0,13.5,0.4444444444444444,Sedang
Oramen,Mobil,Weekday,3.0,"13.00-14.00, 1",4.0,14.00-18.00,2.0,11.00-13.00,7.0,4.0,1.0,5.0,3.0,1.0,22.0,16.0,3.0,41.0,2000.0,82000.0,410000.0,7872000.0,9.0,9.0,1.0,Sedang
Balai Paras,Mobil,Weekday,3.0,14.00-17.00,4.5,17.00-21.30,6.5,07.30-14.00,2.0,1.0,0.0,1.0,1.0,0.0,5.0,5.5,0.0,11.0,2000.0,22000.0,110000.0,2112000.0,2.0,14.0,0.14285714285714285,Sedang
RM Ampera,Mobil,Weekday,4.0,"11.00-13.00, 1",5.0,"16.00-18.00, 13",4.0,"09.00-11.00, 20",2.0,1.0,0.0,1.0,0.0,0.0,6.0,1.0,0.0,7.0,2000.0,14000.0,70000.0,1344000.0,1.0,13.0,0.07692307692307693,Sedang
Els Komputer,Mobil,Weekday,4.0,"11.00-13.00, 1",5.0,"16.00-18.00, 13",4.0,"09.00-11.00, 20",3.0,2.0,1.0,2.0,2.0,1.0,11.0,12.0,5.0,28.0,2000.0,56000.0,280000.0,5376000.0,5.0,13.0,0.38461538461538464,Sedang
Bakso Kenthut,Mobil,Weekday,2.0,11.00-13.00,8.0,13.00-21.00,2.0,09.00-11.00,1.0,1.0,0.0,1.0,0.0,0.0,3.0,1.0,0.0,4.0,2000.0,8000.0,40000.0,147456000.0,1.0,12.0,0.08333333333333333,Sedang
Toko Satria,motor,Weekend,2.0,15.00-17.00,3.0,09.00-12.00,3.0,13.00-15.00,8.0,7.0,6.0,7.0,7.0,6.0,22.0,28.0,24.0,74.0,1000.0,74000.0,148000.0,2841600.0,20.0,8.0,2.5,Tinggi
Toko Mlati,motor,Weekend,2.0,14.00-16.00,3.0,08.00-11.00,3.0,11.00-14.00,10.0,8.0,5.0,9.0,7.0,5.0,28.0,29.0,20.0,77.0,1000.0,77000.0,154000.0,2956800.0,21.0,8.0,2.625,Tinggi
Toko Pagoda,motor,Weekend,2.0,13.00-15.00,3.0,09.00-12.00,2.0,15.00-17.00,25.0,17.0,12.0,23.0,16.0,12.0,71.0,65.0,36.0,172.0,1000.0,172000.0,344000.0,6604800.0,51.0,7.0,7.285714285714286,Tinggi
Matahari Bazzar,motor,Weekend,3.0,18.00-21.00,5.0,"09.00-12.00, 1",2.0,13.00-15.00,23.0,20.0,10.0,23.0,17.0,7.0,92.0,105.0,24.0,221.0,1000.0,221000.0,442000.0,8486400.0,47.0,10.0,4.7,Tinggi
Toko Bata,motor,Weekend,3.0,18.00-21.00,6.0,"08.00-12.00, 1",2.0,13.00-15.00,41.0,16.0,11.0,28.0,17.0,6.0,125.0,118.0,23.0,266.0,1000.0,266000.0,532000.0,10214400.0,51.0,11.0,4.636363636363637,Tinggi
Apotek Kebondalam/Rita Pa,motor,Weekend,3.0,18.00-21.00,5.0,"09.00-12.00, 1",2.0,13.00-15.00,24.0,18.0,6.0,22.0,12.0,5.0,90.0,78.0,16.0,184.0,1000.0,184000.0,368000.0,7065600.0,39.0,10.0,3.9,Tinggi
Gerai Indosat,motor,Weekend,2.0,11.00-13.00,3.0,13.00-16.00,3.0,08.00-11.00,10.0,5.0,3.0,7.0,3.0,2.0,24.0,14.0,9.0,47.0,1000.0,47000.0,47000.0,902400.0,12.0,8.0,1.5,Sedang
Toko Cinderela,motor,Weekend,2.0,18.00-20.00,5.0,"09.00-12.00, 1",6.0,12.00-16.00,7.0,5.0,3.0,4.0,3.0,1.0,15.0,20.0,9.0,44.0,1000.0,44000.0,88000.0,1689600.0,8.0,13.0,0.6153846153846154,Sedang
Toko Daerah,motor,Weekend,2.0,13.00-15.00,3.0,09.00-13.00,3.5,13.00-16.30,7.0,5.0,4.0,4.0,3.0,1.0,15.0,14.0,7.5,37.0,1000.0,37000.0,37000.0,710400.0,8.0,8.5,0.9411764705882353,Sedang
Toko Listrik Kebondalem,motor,Weekend,3.0,09.00-12.00,3.0,17.00-20.00,5.0,12.00-17.00,8.0,4.0,2.0,3.0,2.0,1.0,17.0,10.0,7.0,34.0,1000.0,34000.0,68000.0,1305600.0,6.0,11.0,0.5454545454545454,Sedang
BCL-Toko Lampu,motor,Weekend,3.0,15.00-18.00,3.0,12.00-15.00,6.0,"09.00-12.00, 18.0",32.0,16.0,13.0,30.0,15.0,12.0,122.0,61.0,85.0,268.0,1000.0,268000.0,536000.0,10291200.0,57.0,12.0,4.75,Tinggi
Matahari Store,motor,Weekend,5.0,13.00-18.00,3.0,18.00-21.00,3.0,09.00-13.00,45.0,43.0,23.0,29.0,27.0,12.0,190.0,124.0,59.0,373.0,1000.0,373000.0,746000.0,14323200.0,68.0,11.0,6.181818181818182,Tinggi
Deretan Eka Surya,motor,Weekend,5.0,13.00-18.00,3.0,18.00-21.00,3.0,09.00-13.00,7.0,3.0,2.0,2.0,2.0,1.0,17.0,9.0,5.0,31.0,1000.0,31000.0,62000.0,1190400.0,5.0,11.0,0.45454545454545453,Sedang
Toko Brasil,motor,Weekend,2.0,11.00-13.00,4.0,13.00-17.00,2.0,09.00-11.00,6.0,3.0,2.0,4.0,2.0,1.0,14.0,11.0,4.0,29.0,1000.0,29000.0,58000.0,1113600.0,7.0,8.0,0.875,Sedang
Apotek Medika,motor,Weekend,3.0,15.00-18.00,3.0,18.00-21.00,8.0,07.00-15.00,4.0,2.0,1.0,3.0,2.0,1.0,13.0,8.0,9.0,30.0,1000.0,30000.0,60000.0,1152000.0,6.0,14.0,0.42857142857142855,Sedang
Virgo Salon,motor,Weekend,2.0,11.00-13.00,4.0,13.00-17.00,5.0,"09.00-11.00, 17.0",2.0,1.0,1.0,2.0,1.0,0.0,6.0,5.0,1.0,12.0,1000.0,12000.0,24000.0,460800.0,3.0,11.0,0.2727272727272727,Sedang
Sukses Motor,motor,Weekend,3.0,13.00-16.00,4.0,11.00-13.00,3.0,"08.00-11.00, 16.0",15.0,9.0,5.0,8.0,6.0,3.0,39.0,33.0,14.0,86.0,1000.0,86000.0,172000.0,3302400.0,17.0,10.0,1.7,Sedang
PMI,motor,Weekend,3.0,13.00-16.00,4.0,11.00-13.00,7.0,"07.00-11.00, 16.0",14.0,6.0,3.0,12.0,5.0,2.0,50.0,26.0,17.0,93.0,1000.0,93000.0,186000.0,3571200.0,19.0,14.0,1.3571428571428572,Sedang
Mie Ayam Pajak,motor,Weekend,1.0,12.00-13.00,3.0,13.00-16.00,2.0,10.00-12.00,8.0,6.0,4.0,8.0,5.0,4.0,16.0,21.0,12.0,49.0,1000.0,49000.0,49000.0,940800.0,17.0,6.0,2.8333333333333335,Tinggi
Java Ateka,motor,Weekend,3.0,14.00-17.00,4.0,17.00-21.00,6.5,09.30-14.00,36.0,17.0,11.0,16.0,13.0,7.0,84.0,69.0,56.5,210.0,1000.0,210000.0,420000.0,8064000.0,36.0,13.5,2.6666666666666665,Tinggi
Oramen,motor,Weekend,3.0,"13.00-14.00,",4.0,14.00-18.00,2.0,11.00-13.00,18.0,14.0,8.0,14.0,6.0,5.0,60.0,38.0,18.0,116.0,1000.0,116000.0,232000.0,4454400.0,25.0,9.0,2.7777777777777777,Tinggi
Balai Paras,motor,Weekend,3.0,14.00-17.00,4.5,17.00-21.30,6.5,07.30-14.00,7.0,7.0,7.0,7.0,6.0,4.0,28.0,34.0,33.0,95.0,1000.0,95000.0,190000.0,3648000.0,17.0,14.0,1.2142857142857142,Sedang
RM Ampera,motor,Weekend,4.0,"11.00-13.00,",5.0,"16.00-18.00, 1",4.0,"09.00-11.00, 20.0",2.0,1.0,1.0,2.0,1.0,0.0,10.0,6.0,1.0,17.0,1000.0,17000.0,34000.0,652800.0,3.0,13.0,0.23076923076923078,Sedang
Els Komputer,motor,Weekend,4.0,"11.00-13.00,",5.0,"16.00-18.00, 1",4.0,"09.00-11.00, 20.0",7.0,4.0,3.0,4.0,1.0,0.0,23.0,9.0,3.0,35.0,1000.0,35000.0,70000.0,1344000.0,5.0,13.0,0.38461538461538464,Sedang
Bakso Kenthut,motor,Weekend,2.0,11.00-13.00,8.0,13.00-21.00,2.0,09.00-11.00,7.0,6.0,5.0,6.0,6.0,5.0,19.0,54.0,15.0,88.0,1000.0,88000.0,176000.0,3379200.0,17.0,12.0,1.4166666666666667,Sedang
Toko Satria,mobil,Weekend,2.0,15.00-17.00,3.0,09.00-12.00,3.0,13.00-15.00,3.0,2.0,1.0,3.0,2.0,2.0,9.0,8.0,7.0,24.0,2000.0,48000.0,96000.0,1843200.0,7.0,8.0,0.875,Sedang
Toko Mlati,mobil,Weekend,2.0,14.00-16.00,3.0,08.00-11.00,3.0,11.00-14.00,5.0,4.0,1.0,5.0,2.0,2.0,15.0,10.0,7.0,32.0,2000.0,64000.0,128000.0,2457600.0,9.0,8.0,1.125,Sedang
Toko Pagoda,mobil,Weekend,2.0,13.00-15.00,3.0,09.00-12.00,2.0,15.00-17.00,6.0,4.0,3.0,3.0,2.0,2.0,12.0,10.0,7.0,29.0,2000.0,58000.0,116000.0,2227200.0,7.0,7.0,1.0,Sedang
Matahari Bazzar,mobil,Weekend,3.0,18.00-21.00,5.0,"09.00-12.00, 1",2.0,13.00-15.00,7.0,6.0,5.0,6.0,5.0,4.0,25.0,31.0,13.0,69.0,2000.0,138000.0,276000.0,5299200.0,15.0,10.0,1.5,Sedang
Toko Bata,mobil,Weekend,3.0,18.00-21.00,6.0,"08.00-12.00, 1",2.0,13.00-15.00,0.0,0.0,0.0,0.0,0.0,0.0,0.0,0.0,0.0,0.0,2000.0,0.0,0.0,0.0,0.0,11.0,0.0,Sedang
ek Kebondalam/Rita Pasa,mobil,Weekend,3.0,18.00-21.00,5.0,"09.00-12.00, 1",2.0,13.00-15.00,0.0,0.0,0.0,0.0,0.0,0.0,0.0,0.0,0.0,0.0,2000.0,0.0,0.0,0.0,0.0,10.0,0.0,Sedang
Gerai Indosat,mobil,Weekend,2.0,11.00-13.00,3.0,13.00-16.00,3.0,08.00-11.00,2.0,2.0,1.0,2.0,1.0,0.0,6.0,5.0,1.0,12.0,2000.0,24000.0,48000.0,921600.0,3.0,8.0,0.375,Sedang
Toko Cinderela,mobil,Weekend,2.0,18.00-20.00,5.0,"09.00-12.00, 1",6.0,12.00-16.00,2.0,1.0,0.0,1.0,1.0,0.0,4.0,6.0,0.0,10.0,2000.0,20000.0,40000.0,768000.0,2.0,13.0,0.15384615384615385,Sedang
Toko Daerah,mobil,Weekend,2.0,13.00-15.00,3.0,09.00-13.00,3.5,13.00-16.30,9.0,8.0,5.0,8.0,7.0,3.0,25.0,29.0,16.0,70.0,2000.0,140000.0,140000.0,2688000.0,18.0,8.5,2.1176470588235294,Sedang
Toko Listrik Kebondalem,mobil,Weekend,3.0,09.00-12.00,3.0,17.00-20.00,5.0,12.00-17.00,6.0,5.0,2.0,3.0,2.0,2.0,15.0,11.0,12.0,38.0,2000.0,76000.0,152000.0,2918400.0,7.0,11.0,0.6363636363636364,Sedang
BCL-Toko Lampu,mobil,Weekend,3.0,15.00-18.00,3.0,12.00-15.00,6.0,"09.00-12.00, 18.0",13.0,10.0,8.0,11.0,6.0,5.0,46.0,28.0,38.0,112.0,2000.0,224000.0,448000.0,8601600.0,22.0,12.0,1.8333333333333333,Sedang
Matahari Store,mobil,Weekend,5.0,13.00-18.00,3.0,18.00-21.00,3.0,09.00-13.00,7.0,7.0,6.0,5.0,3.0,2.0,32.0,16.0,12.0,60.0,2000.0,120000.0,240000.0,4608000.0,10.0,11.0,0.9090909090909091,Sedang
Deretan Eka Surya,mobil,Weekend,5.0,13.00-18.00,3.0,18.00-21.00,3.0,09.00-13.00,30.0,25.0,26.0,23.0,13.0,6.0,145.0,64.0,44.0,253.0,2000.0,506000.0,1012000.0,19430400.0,42.0,11.0,3.8181818181818183,Tinggi
Toko Brasil,mobil,Weekend,2.0,11.00-13.00,4.0,13.00-17.00,2.0,09.00-11.00,3.0,3.0,1.0,3.0,2.0,1.0,9.0,11.0,3.0,23.0,2000.0,46000.0,92000.0,1766400.0,6.0,8.0,0.75,Sedang
Apotek Medika,mobil,Weekend,3.0,15.00-18.00,3.0,18.00-21.00,8.0,07.00-15.00,2.0,1.0,1.0,2.0,1.0,0.0,8.0,4.0,1.0,13.0,2000.0,26000.0,52000.0,998400.0,3.0,14.0,0.21428571428571427,Sedang
Virgo Salon,mobil,Weekend,2.0,11.00-13.00,4.0,13.00-17.00,5.0,"09.00-11.00, 17.0",3.0,2.0,1.0,2.0,1.0,1.0,7.0,6.0,6.0,19.0,2000.0,38000.0,76000.0,1459200.0,4.0,11.0,0.36363636363636365,Sedang
Sukses Motor,mobil,Weekend,3.0,13.00-16.00,4.0,11.00-13.00,3.0,"08.00-11.00, 16.0",5.0,4.0,3.0,4.0,3.0,2.0,17.0,16.0,9.0,42.0,2000.0,84000.0,168000.0,3225600.0,9.0,10.0,0.9,Sedang
PMI,mobil,Weekend,3.0,13.00-16.00,4.0,11.00-13.00,7.0,"07.00-11.00, 16.0",1.0,1.0,1.0,2.0,1.0,0.0,7.0,5.0,1.0,13.0,2000.0,26000.0,52000.0,998400.0,3.0,14.0,0.21428571428571427,Sedang
Mie Ayam Pajak,mobil,Weekend,1.0,12.00-13.00,3.0,13.00-16.00,2.0,10.00-12.00,5.0,4.0,2.0,2.0,1.0,1.0,7.0,7.0,4.0,18.0,2000.0,36000.0,72000.0,1382400.0,4.0,6.0,0.6666666666666666,Sedang
Java Ateka,mobil,Weekend,3.0,14.00-17.00,4.0,17.00-21.00,6.5,09.30-14.00,2.0,2.0,0.0,2.0,0.0,0.0,8.0,2.0,0.0,10.0,2000.0,20000.0,40000.0,768000.0,2.0,13.5,0.14814814814814814,Sedang
Oramen,mobil,Weekend,3.0,"13.00-14.00,",4.0,14.00-18.00,2.0,11.00-13.00,9.0,4.0,2.0,5.0,4.0,1.0,24.0,20.0,4.0,48.0,2000.0,96000.0,192000.0,3686400.0,10.0,9.0,1.1111111111111112,Sedang
Balai Paras,mobil,Weekend,3.0,14.00-17.00,4.5,17.00-21.30,6.5,07.30-14.00,2.0,1.0,0.0,1.0,1.0,0.0,5.0,6.0,0.0,11.0,2000.0,22000.0,44000.0,844800.0,2.0,14.0,0.14285714285714285,Sedang
RM Ampera,mobil,Weekend,4.0,"11.00-13.00,",5.0,"16.00-18.00, 1",4.0,"09.00-11.00, 20.0",0.0,0.0,0.0,0.0,0.0,0.0,0.0,0.0,0.0,0.0,2000.0,0.0,0.0,0.0,0.0,13.0,0.0,Sedang
Els Komputer,mobil,Weekend,4.0,"11.00-13.00,",5.0,"16.00-18.00, 1",4.0,"09.00-11.00, 20.0",3.0,2.0,0.0,2.0,2.0,0.0,11.0,12.0,0.0,23.0,2000.0,46000.0,92000.0,1766400.0,4.0,13.0,0.3076923076923077,Sedang
Bakso Kenthut,mobil,Weekend,2.0,11.00-13.00,8.0,13.00-21.00,2.0,09.00-11.00,2.0,1.0,0.0,1.0,0.0,0.0,4.0,1.0,0.0,5.0,2000.0,10000.0,10000.0,192000.0,1.0,12.0,0.08333333333333333,Sedang
Area Afra,Motor,Weekday,3.0,08.00-11.00,3.0,11.00-14.00,3.0,14.00-17.00,7.0,5.0,3.0,3.0,2.0,1.0,16.0,11.0,6.0,33.0,1000.0,33000.0,165000.0,3168000.0,6.0,9.0,0.6666666666666666,Sedang
Mahkota Putra,Motor,Weekday,6.0,12.00-18.00,3.0,09.00-12.00,3.0,18.00-21.00,15.0,9.0,5.0,9.0,7.0,2.0,69.0,30.0,11.0,110.0,1000.0,110000.0,550000.0,10560000.0,18.0,12.0,1.5,Sedang
famart (deket telko,Motor,Weekday,6.0,12.00-18.00,5.0,07.00-12.00,4.0,18.00-22.00,9.0,5.0,5.0,3.0,3.0,2.0,27.0,20.0,13.0,60.0,1000.0,60000.0,300000.0,5760000.0,8.0,15.0,0.5333333333333333,Sedang
Sami Asih 2,Motor,Weekday,3.0,11.00-14.00,4.0,14.00-18.00,2.0,18.00-20.00,9.0,5.0,4.0,5.0,3.0,2.0,24.0,17.0,8.0,49.0,1000.0,49000.0,245000.0,4704000.0,10.0,9.0,1.1111111111111112,Sedang
Area Metro,Motor,Weekday,3.0,09.00-12.00,3.0,12.00-15.00,2.0,15.00-17.00,11.0,7.0,8.0,5.0,3.0,3.0,26.0,16.0,14.0,56.0,1000.0,56000.0,280000.0,5376000.0,11.0,8.0,1.375,Sedang
Kaliandra,Motor,Weekday,2.5,18.30-21.00,2.0,21.00-23.00,1.0,17.30-18.30,9.0,6.0,3.0,5.0,3.0,1.0,22.0,12.0,4.0,38.0,1000.0,38000.0,190000.0,3648000.0,9.0,5.5,1.6363636363636365,Sedang
Batik Mahkota,Motor,Weekday,4.0,11.00-15.00,2.0,09.00-11.00,2.0,15.00-17.00,9.0,5.0,4.0,4.0,2.0,2.0,25.0,9.0,8.0,42.0,1000.0,42000.0,210000.0,4032000.0,8.0,8.0,1.0,Sedang
Pegadaian,Motor,Weekday,3.0,08.00-11.00,3.0,11.00-14.000,2.0,14.00-16.00,8.0,5.0,4.0,4.0,2.0,2.0,20.0,11.0,8.0,39.0,1000.0,39000.0,195000.0,3744000.0,8.0,8.0,1.0,Sedang
Central Plastik,Motor,Weekday,3.0,09.00-12.00,3.0,12.00-15.00,2.0,15.00-17.00,9.0,5.0,2.0,4.0,2.0,1.0,21.0,11.0,4.0,36.0,1000.0,36000.0,180000.0,3456000.0,7.0,8.0,0.875,Sedang
Toko Ibu,Motor,Weekday,3.0,09.00-12.00,3.0,12.00-15.00,2.0,15.00-17.00,8.0,5.0,1.0,4.0,2.0,1.0,20.0,11.0,3.0,34.0,1000.0,34000.0,170000.0,3264000.0,7.0,8.0,0.875,Sedang
Sami Asih 1,Motor,Weekday,4.0,11.00-15.00,4.0,15.00-19.00,2.0,19.00-21.00,11.0,6.0,8.0,4.0,4.0,3.0,27.0,22.0,14.0,63.0,1000.0,63000.0,315000.0,6048000.0,11.0,10.0,1.1,Sedang
Eka Surya,Motor,Weekday,4.0,12.00-18.00,5.0,08.00-13.00,3.0,18.00-21.00,11.0,7.0,6.0,6.0,5.0,3.0,35.0,32.0,15.0,82.0,1000.0,82000.0,410000.0,7872000.0,14.0,12.0,1.1666666666666667,Sedang
Rocket Chicken,Motor,Weekday,4.0,12.00-16.00,5.0,16.00-21.00,3.0,09.00-12.00,10.0,6.0,5.0,6.0,5.0,4.0,34.0,31.0,17.0,82.0,1000.0,82000.0,410000.0,7872000.0,15.0,12.0,1.25,Sedang
Abata,Motor,Weekday,5.0,08.00-13.00,4.0,17.00-21.00,4.0,13.00-17.00,12.0,8.0,5.0,7.0,6.0,2.0,47.0,32.0,13.0,92.0,1000.0,92000.0,460000.0,8832000.0,15.0,13.0,1.1538461538461537,Sedang
Bakmi Situmpur,Motor,Weekday,3.0,17.00-20.00,2.0,20.00-22.00,2.0,22.00-00.00,8.0,4.0,2.0,4.0,2.0,1.0,20.0,8.0,4.0,32.0,1000.0,32000.0,160000.0,3072000.0,7.0,7.0,1.0,Sedang
TB Gerilya,Motor,Weekday,3.0,12.00-15.00,4.0,08.00-12.00,2.0,15.00-17.00,6.0,4.0,1.0,6.0,4.0,1.0,24.0,20.0,3.0,47.0,1000.0,47000.0,235000.0,4512000.0,11.0,9.0,1.2222222222222223,Sedang
Indomaret Gerilya,Motor,Weekday,6.0,08.00-14.00,5.0,14.00-19.00,3.0,19.00-22.00,7.0,5.0,3.0,5.0,5.0,3.0,37.0,30.0,12.0,79.0,1000.0,79000.0,395000.0,7584000.0,13.0,14.0,0.9285714285714286,Sedang
BRI Gerilya,Motor,Weekday,3.0,08.00-11.00,2.0,11.00-13.00,2.0,13.00-15.00,20.0,8.0,4.0,7.0,5.0,3.0,41.0,18.0,10.0,69.0,1000.0,69000.0,345000.0,6624000.0,15.0,7.0,2.142857142857143,Sedang
RM Lik Chip,Motor,Weekday,4.0,10.00-14.00,4.0,18.00-22.00,4.0,14.00-18.00,12.0,8.0,5.0,6.0,3.0,2.0,36.0,20.0,13.0,69.0,1000.0,69000.0,345000.0,6624000.0,11.0,12.0,0.9166666666666666,Sedang
Unyil Andang,Motor,Weekday,4.0,18.00-22.00,3.0,22.00-01.00,1.0,17.00-18.00,15.0,8.0,5.0,6.0,5.0,3.0,39.0,23.0,8.0,70.0,1000.0,70000.0,350000.0,6720000.0,14.0,8.0,1.75,Sedang
Lamongan Cak Arul,Motor,Weekday,4.0,18.00-22.00,5.0,13.00-18.00,3.0,22.00-01.00,9.0,7.0,2.0,5.0,3.0,1.0,29.0,22.0,5.0,56.0,1000.0,56000.0,280000.0,5376000.0,9.0,12.0,0.75,Sedang
Adi Permana,Motor,Weekday,4.5,08.30-12.00,2.0,15.00-17.00,3.0,12.00-15.00,8.0,5.0,4.0,3.0,3.0,1.0,22.0,11.0,7.0,40.0,1000.0,40000.0,200000.0,3840000.0,7.0,9.5,0.7368421052631579,Sedang
ANS,Motor,Weekday,3.0,12.00-15.00,3.0,09.00-12.00,2.5,15.00-17.30,7.0,5.0,2.0,4.0,3.0,1.0,19.0,14.0,4.5,38.0,1000.0,38000.0,190000.0,3648000.0,8.0,8.5,0.9411764705882353,Sedang
kter Hewan (S Parm,Motor,Weekday,4.0,17.00-21.00,5.0,12.00-17.00,3.0,09.00-12.00,7.0,5.0,3.0,4.0,4.0,2.0,23.0,25.0,9.0,57.0,1000.0,57000.0,285000.0,5472000.0,10.0,12.0,0.8333333333333334,Sedang
Dwi Tunggal,Motor,Weekday,3.0,11.00-14.00,2.0,14.00-16.00,3.0,08.00-11.00,10.0,5.0,2.0,5.0,3.0,2.0,25.0,11.0,8.0,44.0,1000.0,44000.0,220000.0,4224000.0,10.0,8.0,1.25,Sedang
Indomaret Andang,Motor,Weekday,6.0,14.00-20.00,7.0,07.00-14.00,2.0,20.00-22.00,12.0,5.0,7.0,5.0,5.0,4.0,42.0,40.0,15.0,97.0,1000.0,97000.0,485000.0,9312000.0,14.0,15.0,0.9333333333333333,Sedang
Lodeh,Motor,Weekday,6.0,12.00-18.00,3.0,18.00-21.00,4.0,08.00-12.00,13.0,9.0,9.0,7.0,5.0,3.0,55.0,24.0,21.0,100.0,1000.0,100000.0,500000.0,9600000.0,15.0,13.0,1.1538461538461537,Sedang
Meubel,Motor,Weekday,4.0,08.00-12.00,5.0,12.00-17.00,3.0,17.00-20.00,6.0,4.0,2.0,6.0,4.0,1.0,30.0,24.0,5.0,59.0,1000.0,59000.0,295000.0,5664000.0,11.0,12.0,0.9166666666666666,Sedang
Pasar Burung,Motor,Weekday,4.0,11.00-15.00,4.0,15.00-19.00,4.0,07.00-11.00,5.0,4.0,1.0,5.0,4.0,1.0,25.0,20.0,5.0,50.0,1000.0,50000.0,250000.0,4800000.0,10.0,12.0,0.8333333333333334,Sedang
Pecak Sambel,Motor,Weekday,6.0,11.00-17.00,5.0,17.00-22.00,3.0,08.00-11.00,9.0,7.0,6.0,8.0,6.0,3.0,57.0,37.0,15.0,109.0,1000.0,109000.0,545000.0,10464000.0,17.0,14.0,1.2142857142857142,Sedang
Popular-Finance,Motor,Weekday,4.0,08.00-12.00,3.0,12.00-15.00,2.0,15.00-17.00,10.0,8.0,5.0,5.0,3.0,1.0,30.0,17.0,7.0,54.0,1000.0,54000.0,270000.0,5184000.0,9.0,9.0,1.0,Sedang
Remaja Listrik,Motor,Weekday,3.0,08.00-11.00,4.0,11.00-15.00,3.0,15.00-18.00,9.0,7.0,5.0,5.0,3.0,1.0,24.0,19.0,8.0,51.0,1000.0,51000.0,255000.0,4896000.0,9.0,10.0,0.9,Sedang
Soto Lawas,Motor,Weekday,6.0,14.00-20.00,4.0,10.00-14.00,2.0,20.00-22.00,8.0,6.0,5.0,4.0,3.0,1.0,32.0,18.0,7.0,57.0,1000.0,57000.0,285000.0,5472000.0,8.0,12.0,0.6666666666666666,Sedang
Mie Eco,Motor,Weekday,3.0,12.00-15.00,3.0,15.00-18.00,3.0,09.00-12.00,3.0,2.0,1.0,3.0,2.0,1.0,12.0,8.0,4.0,24.0,1000.0,24000.0,120000.0,2304000.0,6.0,9.0,0.6666666666666666,Sedang
Shinta,Motor,Weekday,3.0,12.00-15.00,2.0,15.00-17.00,3.0,09.00-12.00,7.0,5.0,3.0,5.0,3.0,1.0,22.0,11.0,6.0,39.0,1000.0,39000.0,195000.0,3744000.0,9.0,8.0,1.125,Sedang
Wahyuningsari,Motor,Weekday,3.0,12.00-16.00,3.0,09.00-12.00,3.0,16.00-19.00,5.0,4.0,3.0,3.0,2.0,1.0,14.0,10.0,6.0,30.0,1000.0,30000.0,150000.0,2880000.0,6.0,9.0,0.6666666666666666,Sedang
Lina Bakery,Motor,Weekday,4.0,17.00-21.00,5.0,12.00-17.00,4.0,08.00-12.00,5.0,4.0,2.0,3.0,2.0,1.0,17.0,14.0,6.0,37.0,1000.0,37000.0,185000.0,3552000.0,6.0,13.0,0.46153846153846156,Sedang
Toko Intisari,Motor,Weekday,4.0,17.00-21.00,4.0,13.00-17.00,4.0,09.00-13.00,5.0,3.0,1.0,5.0,3.0,1.0,25.0,15.0,5.0,45.0,1000.0,45000.0,225000.0,4320000.0,9.0,12.0,0.75,Sedang
ko Oleh-oleh Pramu,Motor,Weekday,4.0,17.00-21.00,4.0,13.00-17.00,4.0,09.00-13.00,2.0,1.0,0.0,2.0,1.0,0.0,10.0,5.0,0.0,15.0,1000.0,15000.0,75000.0,1440000.0,3.0,12.0,0.25,Sedang
Alfamart Pramuka,Motor,Weekday,6.0,14.00-20.00,6.0,08.00-14.00,2.0,20.00-22.00,7.0,5.0,3.0,5.0,3.0,1.0,37.0,23.0,5.0,65.0,1000.0,65000.0,325000.0,6240000.0,9.0,14.0,0.6428571428571429,Sedang
Alfamart Pancurawis,Motor,Weekday,6.0,14.00-20.00,6.0,08.00-14.00,2.0,20.00-22.00,7.0,5.0,3.0,5.0,3.0,1.0,37.0,23.0,5.0,65.0,1000.0,65000.0,325000.0,6240000.0,9.0,14.0,0.6428571428571429,Sedang
Jimmy Salon,Motor,Weekday,4.0,13.00-17.00,3.0,09.00-12.00,2.0,17.00-19.00,7.0,5.0,3.0,5.0,3.0,1.0,27.0,14.0,5.0,46.0,1000.0,46000.0,230000.0,4416000.0,9.0,9.0,1.0,Sedang
Pelangi Baby Shop,Motor,Weekday,2.5,15.00-17.30,3.0,12.00-15.00,4.0,08.00-12.00,5.0,3.0,1.0,5.0,3.0,1.0,18.0,12.0,5.0,35.0,1000.0,35000.0,175000.0,3360000.0,9.0,9.5,0.9473684210526315,Sedang
Mie Ayam Wanto,Motor,Weekday,3.0,11.00-14.00,2.0,09.00-11.00,2.0,14.00-16.00,7.0,5.0,3.0,4.0,3.0,1.0,19.0,11.0,5.0,35.0,1000.0,35000.0,175000.0,3360000.0,8.0,7.0,1.1428571428571428,Sedang
Surya Indah,Motor,Weekday,3.0,12.00-15.00,3.0,09.00-12.00,2.0,15.00-17.00,5.0,2.0,1.0,5.0,2.0,1.0,20.0,8.0,3.0,31.0,1000.0,31000.0,155000.0,2976000.0,8.0,8.0,1.0,Sedang
Alfamart Kr Pucung,Motor,Weekday,6.0,14.00-20.00,6.0,08.00-14.00,2.0,20.00-22.00,8.0,5.0,2.0,4.0,3.0,1.0,32.0,23.0,4.0,59.0,1000.0,59000.0,295000.0,5664000.0,8.0,14.0,0.5714285714285714,Sedang
Alfamart Tj Elok,Motor,Weekday,6.0,14.00-20.00,6.0,08.00-14.00,2.0,20.00-22.00,9.0,5.0,3.0,5.0,3.0,1.0,39.0,23.0,5.0,67.0,1000.0,67000.0,335000.0,6432000.0,9.0,14.0,0.6428571428571429,Sedang
Apotek Hutami,Motor,Weekday,4.0,13.00-17.00,5.0,08.00-13.00,3.0,17.00-20.00,5.0,3.0,1.0,5.0,3.0,1.0,25.0,18.0,4.0,47.0,1000.0,47000.0,235000.0,4512000.0,9.0,12.0,0.75,Sedang
Rumah Teknik,Motor,Weekday,4.0,08.00-12.00,2.0,15.00-17.00,3.0,12.00-15.00,8.0,5.0,4.0,5.0,3.0,1.0,28.0,11.0,7.0,46.0,1000.0,46000.0,230000.0,4416000.0,9.0,9.0,1.0,Sedang
Sumber Teknik,Motor,Weekday,5.0,08.00-13.00,4.0,16.00-20.00,3.0,13.00-16.00,8.0,5.0,3.0,2.0,2.0,1.0,18.0,13.0,6.0,37.0,1000.0,37000.0,185000.0,3552000.0,5.0,12.0,0.4166666666666667,Sedang
Mardani Tani,Motor,Weekday,3.0,11.00-14.00,3.0,08.00-11.00,2.5,14.00-16.30,4.0,3.0,1.0,4.0,3.0,1.0,16.0,12.0,4.0,32.0,1000.0,32000.0,160000.0,3072000.0,8.0,8.5,0.9411764705882353,Sedang
Area Afra,Mobil,Weekday,3.0,08.00-11.00,3.0,11.00-14.00,3.0,14.00-17.00,5.0,3.0,2.0,3.0,2.0,1.0,14.0,9.0,5.0,28.0,2000.0,56000.0,280000.0,5376000.0,6.0,9.0,0.6666666666666666,Sedang
Mahkota Putra,Mobil,Weekday,6.0,12.00-18.00,3.0,09.00-12.00,3.0,18.00-21.00,3.0,3.0,2.0,3.0,2.0,1.0,21.0,9.0,5.0,35.0,2000.0,70000.0,350000.0,6720000.0,6.0,12.0,0.5,Sedang
famart (deket telko,Mobil,Weekday,6.0,12.00-18.00,5.0,07.00-12.00,4.0,18.00-22.00,1.0,1.0,0.0,1.0,0.0,0.0,7.0,1.0,0.0,8.0,2000.0,16000.0,80000.0,1536000.0,1.0,15.0,0.06666666666666667,Sedang
Sami Asih 2,Mobil,Weekday,3.0,11.00-14.00,4.0,14.00-18.00,2.0,18.00-20.00,6.0,3.0,2.0,3.0,3.0,2.0,15.0,15.0,6.0,36.0,2000.0,72000.0,360000.0,6912000.0,8.0,9.0,0.8888888888888888,Sedang
Area Metro,Mobil,Weekday,3.0,09.00-12.00,3.0,12.00-15.00,2.0,15.00-17.00,3.0,1.0,1.0,3.0,1.0,0.0,12.0,4.0,1.0,17.0,2000.0,34000.0,170000.0,3264000.0,4.0,8.0,0.5,Sedang
Kaliandra,Mobil,Weekday,2.5,18.30-21.00,2.0,21.00-23.00,1.0,17.30-18.30,8.0,6.0,2.0,5.0,3.0,2.0,21.0,12.0,4.0,37.0,2000.0,74000.0,370000.0,7104000.0,10.0,5.5,1.8181818181818181,Sedang
Batik Mahkota,Mobil,Weekday,4.0,11.00-15.00,2.0,09.00-11.00,2.0,15.00-17.00,7.0,5.0,3.0,5.0,3.0,2.0,27.0,11.0,7.0,45.0,2000.0,90000.0,450000.0,8640000.0,10.0,8.0,1.25,Sedang
Pegadaian,Mobil,Weekday,3.0,08.00-11.00,3.0,11.00-14.000,2.0,14.00-16.00,2.0,1.0,0.0,1.0,1.0,0.0,5.0,4.0,0.0,9.0,2000.0,18000.0,90000.0,1728000.0,2.0,8.0,0.25,Sedang
Central Plastik,Mobil,Weekday,3.0,09.00-12.00,3.0,12.00-15.00,2.0,15.00-17.00,1.0,1.0,0.0,1.0,0.0,0.0,4.0,1.0,0.0,5.0,2000.0,10000.0,50000.0,960000.0,1.0,8.0,0.125,Sedang
Toko Ibu,Mobil,Weekday,3.0,09.00-12.00,3.0,12.00-15.00,2.0,15.00-17.00,3.0,2.0,2.0,2.0,2.0,1.0,9.0,8.0,4.0,21.0,2000.0,42000.0,210000.0,4032000.0,5.0,8.0,0.625,Sedang
Sami Asih 1,Mobil,Weekday,4.0,11.00-15.00,4.0,15.00-19.00,2.0,19.00-21.00,9.0,7.0,3.0,4.0,3.0,2.0,25.0,19.0,7.0,51.0,2000.0,102000.0,510000.0,9792000.0,9.0,10.0,0.9,Sedang
Eka Surya,Mobil,Weekday,4.0,12.00-18.00,5.0,08.00-13.00,3.0,18.00-21.00,7.0,5.0,3.0,5.0,3.0,2.0,27.0,20.0,9.0,56.0,2000.0,112000.0,560000.0,10752000.0,10.0,12.0,0.8333333333333334,Sedang
Rocket Chicken,Mobil,Weekday,4.0,12.00-16.00,5.0,16.00-21.00,3.0,09.00-12.00,6.0,4.0,2.0,4.0,3.0,1.0,22.0,19.0,5.0,46.0,2000.0,92000.0,460000.0,8832000.0,8.0,12.0,0.6666666666666666,Sedang
Abata,Mobil,Weekday,5.0,08.00-13.00,4.0,17.00-21.00,4.0,13.00-17.00,2.0,2.0,1.0,2.0,1.0,1.0,12.0,6.0,5.0,23.0,2000.0,46000.0,230000.0,4416000.0,4.0,13.0,0.3076923076923077,Sedang
Bakmi Situmpur,Mobil,Weekday,3.0,17.00-20.00,2.0,20.00-22.00,2.0,22.00-00.00,7.0,3.0,1.0,2.0,2.0,1.0,13.0,7.0,3.0,23.0,2000.0,46000.0,230000.0,4416000.0,5.0,7.0,0.7142857142857143,Sedang
TB Gerilya,Mobil,Weekday,3.0,12.00-15.00,4.0,08.00-12.00,2.0,15.00-17.00,1.0,1.0,0.0,1.0,0.0,0.0,4.0,1.0,0.0,5.0,2000.0,10000.0,50000.0,960000.0,1.0,9.0,0.1111111111111111,Sedang
Indomaret Gerilya,Mobil,Weekday,6.0,08.00-14.00,5.0,14.00-19.00,3.0,19.00-22.00,4.0,4.0,1.0,2.0,1.0,1.0,16.0,9.0,4.0,29.0,2000.0,58000.0,290000.0,5568000.0,4.0,14.0,0.2857142857142857,Sedang
BRI Gerilya,Mobil,Weekday,3.0,08.00-11.00,2.0,11.00-13.00,2.0,13.00-15.00,3.0,3.0,1.0,3.0,2.0,1.0,12.0,7.0,3.0,22.0,2000.0,44000.0,220000.0,4224000.0,6.0,7.0,0.8571428571428571,Sedang
RM Lik Chip,Mobil,Weekday,4.0,10.00-14.00,4.0,18.00-22.00,4.0,14.00-18.00,8.0,5.0,3.0,4.0,2.0,1.0,24.0,13.0,7.0,44.0,2000.0,88000.0,440000.0,8448000.0,7.0,12.0,0.5833333333333334,Sedang
Unyil Andang,Mobil,Weekday,4.0,18.00-22.00,3.0,22.00-01.00,1.0,17.00-18.00,9.0,5.0,1.0,6.0,3.0,1.0,33.0,14.0,2.0,49.0,2000.0,98000.0,490000.0,9408000.0,10.0,8.0,1.25,Sedang
Lamongan Cak Arul,Mobil,Weekday,4.0,18.00-22.00,5.0,13.00-18.00,3.0,22.00-01.00,6.0,3.0,1.0,6.0,2.0,1.0,30.0,13.0,4.0,47.0,2000.0,94000.0,470000.0,9024000.0,9.0,12.0,0.75,Sedang
Adi Permana,Mobil,Weekday,4.5,08.30-12.00,2.0,15.00-17.00,3.0,12.00-15.00,5.0,3.0,1.0,3.0,2.0,1.0,19.0,7.0,4.0,30.0,2000.0,60000.0,300000.0,5760000.0,6.0,9.5,0.631578947368421,Sedang
ANS,Mobil,Weekday,3.0,12.00-15.00,3.0,09.00-12.00,2.5,15.00-17.30,3.0,2.0,1.0,2.0,1.0,1.0,9.0,5.0,5.0,18.0,2000.0,36000.0,180000.0,3456000.0,4.0,8.5,0.47058823529411764,Sedang
kter Hewan (S Parm,Mobil,Weekday,4.0,17.00-21.00,5.0,12.00-17.00,3.0,09.00-12.00,3.0,2.0,1.0,2.0,1.0,1.0,11.0,7.0,4.0,22.0,2000.0,44000.0,220000.0,4224000.0,4.0,12.0,0.3333333333333333,Sedang
Dwi Tunggal,Mobil,Weekday,3.0,11.00-14.00,2.0,14.00-16.00,3.0,08.00-11.00,3.0,2.0,1.0,2.0,1.0,1.0,9.0,4.0,4.0,17.0,2000.0,34000.0,170000.0,3264000.0,4.0,8.0,0.5,Sedang
Indomaret Andang,Mobil,Weekday,6.0,14.00-20.00,7.0,07.00-14.00,2.0,20.00-22.00,2.0,1.0,1.0,2.0,1.0,0.0,14.0,8.0,1.0,23.0,2000.0,46000.0,230000.0,4416000.0,3.0,15.0,0.2,Sedang
Lodeh,Mobil,Weekday,6.0,12.00-18.00,3.0,18.00-21.00,4.0,08.00-12.00,3.0,2.0,1.0,3.0,2.0,1.0,21.0,8.0,5.0,34.0,2000.0,68000.0,340000.0,6528000.0,6.0,13.0,0.46153846153846156,Sedang
Meubel,Mobil,Weekday,4.0,08.00-12.00,5.0,12.00-17.00,3.0,17.00-20.00,3.0,2.0,1.0,2.0,2.0,1.0,11.0,12.0,4.0,27.0,2000.0,54000.0,270000.0,5184000.0,5.0,12.0,0.4166666666666667,Sedang
Pasar Burung,Mobil,Weekday,4.0,11.00-15.00,4.0,15.00-19.00,4.0,07.00-11.00,2.0,1.0,1.0,2.0,1.0,0.0,10.0,5.0,1.0,16.0,2000.0,32000.0,160000.0,3072000.0,3.0,12.0,0.25,Sedang
Pecak Sambel,Mobil,Weekday,6.0,11.00-17.00,5.0,17.00-22.00,3.0,08.00-11.00,8.0,5.0,3.0,4.0,3.0,2.0,32.0,20.0,9.0,61.0,2000.0,122000.0,610000.0,11712000.0,9.0,14.0,0.6428571428571429,Sedang
Popular-Finance,Mobil,Weekday,4.0,08.00-12.00,3.0,12.00-15.00,2.0,15.00-17.00,4.0,3.0,2.0,2.0,1.0,1.0,12.0,6.0,4.0,22.0,2000.0,44000.0,220000.0,4224000.0,4.0,9.0,0.4444444444444444,Sedang
Soto Lawas,Mobil,Weekday,3.0,08.00-11.00,4.0,11.00-15.00,3.0,15.00-18.00,8.0,5.0,3.0,4.0,3.0,1.0,20.0,17.0,6.0,43.0,2000.0,86000.0,430000.0,8256000.0,8.0,10.0,0.8,Sedang
Mie Eco,Mobil,Weekday,6.0,14.00-20.00,4.0,10.00-14.00,2.0,20.00-22.00,1.0,0.0,0.0,1.0,0.0,0.0,7.0,0.0,0.0,7.0,2000.0,14000.0,70000.0,1344000.0,1.0,12.0,0.08333333333333333,Sedang
Shinta,Mobil,Weekday,3.0,12.00-15.00,3.0,15.00-18.00,3.0,09.00-12.00,5.0,3.0,2.0,2.0,1.0,1.0,11.0,6.0,5.0,22.0,2000.0,44000.0,220000.0,4224000.0,4.0,9.0,0.4444444444444444,Sedang
Wahyuningsari,Mobil,Weekday,3.0,12.00-15.00,2.0,15.00-17.00,3.0,09.00-12.00,2.0,1.0,1.0,1.0,1.0,0.0,5.0,3.0,1.0,9.0,2000.0,18000.0,90000.0,1728000.0,2.0,8.0,0.25,Sedang
Lina Bakery,Mobil,Weekday,3.0,12.00-16.00,3.0,09.00-12.00,3.0,16.00-19.00,1.0,0.0,0.0,1.0,0.0,0.0,4.0,0.0,0.0,4.0,2000.0,8000.0,40000.0,768000.0,1.0,9.0,0.1111111111111111,Sedang
Toko Intisari,Mobil,Weekday,4.0,17.00-21.00,5.0,12.00-17.00,4.0,08.00-12.00,1.0,1.0,0.0,1.0,1.0,0.0,5.0,6.0,0.0,11.0,2000.0,22000.0,110000.0,2112000.0,2.0,13.0,0.15384615384615385,Sedang
ko Oleh-oleh Pramu,Mobil,Weekday,4.0,17.00-21.00,4.0,13.00-17.00,4.0,09.00-13.00,1.0,0.0,0.0,0.0,0.0,0.0,1.0,0.0,0.0,1.0,2000.0,2000.0,10000.0,192000.0,0.0,12.0,0.0,Sedang
Alfamart Pramuka,Mobil,Weekday,4.0,17.00-21.00,4.0,13.00-17.00,4.0,09.00-13.00,2.0,1.0,1.0,2.0,1.0,0.0,10.0,5.0,1.0,16.0,2000.0,32000.0,160000.0,3072000.0,3.0,12.0,0.25,Sedang
Alfamart Pancurawis,Mobil,Weekday,6.0,14.00-20.00,6.0,08.00-14.00,2.0,20.00-22.00,2.0,1.0,1.0,2.0,1.0,0.0,14.0,7.0,1.0,22.0,2000.0,44000.0,220000.0,4224000.0,3.0,14.0,0.21428571428571427,Sedang
Jimmy Salon,Mobil,Weekday,6.0,14.00-20.00,6.0,08.00-14.00,2.0,20.00-22.00,3.0,1.0,0.0,2.0,1.0,0.0,15.0,7.0,0.0,22.0,2000.0,44000.0,220000.0,4224000.0,3.0,14.0,0.21428571428571427,Sedang
Pelangi Baby Shop,Mobil,Weekday,4.0,13.00-17.00,3.0,09.00-12.00,2.0,17.00-19.00,2.0,1.0,0.0,1.0,1.0,0.0,6.0,4.0,0.0,10.0,2000.0,20000.0,100000.0,1920000.0,2.0,9.0,0.2222222222222222,Sedang
Mie Ayam Wanto,Mobil,Weekday,2.5,15.00-17.30,3.0,12.00-15.00,4.0,08.00-12.00,1.0,1.0,0.0,1.0,1.0,0.0,4.0,4.0,0.0,8.0,2000.0,16000.0,80000.0,1536000.0,2.0,9.5,0.21052631578947367,Sedang
RS Bunda (Tepi Jalan,Mobil,Weekday,3.0,11.00-14.00,2.0,09.00-11.00,2.0,14.00-16.00,7.0,5.0,3.0,2.0,1.0,1.0,13.0,7.0,5.0,25.0,2000.0,50000.0,250000.0,4800000.0,4.0,7.0,0.5714285714285714,Sedang
Surya Indah,Mobil,Weekday,3.0,12.00-15.00,3.0,09.00-12.00,2.0,15.00-17.00,1.0,0.0,0.0,1.0,0.0,0.0,4.0,0.0,0.0,4.0,2000.0,8000.0,40000.0,768000.0,1.0,8.0,0.125,Sedang
Alfamart Kr Pucung,Mobil,Weekday,6.0,14.00-20.00,6.0,08.00-14.00,2.0,20.00-22.00,2.0,1.0,1.0,2.0,1.0,1.0,14.0,7.0,3.0,24.0,2000.0,48000.0,240000.0,4608000.0,4.0,14.0,0.2857142857142857,Sedang
Alfamart Tj Elok,Mobil,Weekday,6.0,14.00-20.00,6.0,08.00-14.00,2.0,20.00-22.00,2.0,2.0,1.0,2.0,1.0,1.0,14.0,8.0,3.0,25.0,2000.0,50000.0,250000.0,4800000.0,4.0,14.0,0.2857142857142857,Sedang
Apotek Hutami,Mobil,Weekday,4.0,13.00-17.00,5.0,08.00-13.00,3.0,17.00-20.00,2.0,1.0,0.0,1.0,1.0,0.0,6.0,6.0,0.0,12.0,2000.0,24000.0,120000.0,2304000.0,2.0,12.0,0.16666666666666666,Sedang
Rumah Teknik,Mobil,Weekday,4.0,08.00-12.00,2.0,15.00-17.00,3.0,12.00-15.00,2.0,2.0,1.0,2.0,1.0,1.0,10.0,4.0,4.0,18.0,2000.0,36000.0,180000.0,3456000.0,4.0,9.0,0.4444444444444444,Sedang
Sumber Teknik,Mobil,Weekday,5.0,08.00-13.00,4.0,16.00-20.00,3.0,13.00-16.00,3.0,2.0,1.0,2.0,1.0,1.0,13.0,6.0,4.0,23.0,2000.0,46000.0,230000.0,4416000.0,4.0,12.0,0.3333333333333333,Sedang
Mardani Tani,Mobil,Weekday,3.0,11.00-14.00,3.0,08.00-11.00,2.5,14.00-16.30,1.0,1.0,0.0,1.0,0.0,0.0,4.0,1.0,0.0,5.0,2000.0,10000.0,50000.0,960000.0,1.0,8.5,0.11764705882352941,Sedang
Area Afra,motor,Weekend,3.0,08.00-11.00,3.0,11.00-14.00,3.0,14.00-17.00,8.0,6.0,4.0,4.0,3.0,1.0,20.0,15.0,7.0,42.0,1000.0,42000.0,84000.0,1612800.0,8.0,9.0,0.8888888888888888,Sedang
Mahkota Putra,motor,weekend,6.0,12.00-18.00,3.0,09.00-12.00,3.0,18.00-21.00,10.0,7.0,5.0,4.0,3.0,2.0,34.0,16.0,11.0,61.0,1000.0,61000.0,122000.0,2342400.0,9.0,12.0,0.75,Sedang
Alfamart (deket telkom),motor,Weekend,6.0,12.00-18.00,5.0,07.00-12.00,4.0,18.00-22.00,7.0,5.0,2.0,5.0,3.0,2.0,37.0,20.0,10.0,67.0,1000.0,67000.0,134000.0,2572800.0,10.0,15.0,0.6666666666666666,Sedang
Sami Asih 2,motor,weekend,3.0,11.00-14.00,4.0,14.00-18.00,2.0,18.00-20.00,11.0,8.0,4.0,5.0,4.0,2.0,26.0,24.0,8.0,58.0,1000.0,58000.0,116000.0,2227200.0,11.0,9.0,1.2222222222222223,Sedang
Area Metro,motor,Weekend,3.0,09.00-12.00,3.0,12.00-15.00,2.0,15.00-17.00,13.0,10.0,8.0,5.0,4.0,3.0,28.0,22.0,14.0,64.0,1000.0,64000.0,128000.0,2457600.0,12.0,8.0,1.5,Sedang
Kaliandra,motor,weekend,2.5,18.30-21.00,2.0,21.00-23.00,1.0,17.30-18.30,9.0,8.0,3.0,5.0,3.0,1.0,21.5,14.0,4.0,40.0,1000.0,40000.0,80000.0,1536000.0,9.0,5.5,1.6363636363636365,Sedang
Batik Mahkota,motor,Weekend,4.0,11.00-15.00,2.0,09.00-11.00,2.0,15.00-17.00,9.0,6.0,4.0,4.0,3.0,2.0,25.0,12.0,8.0,45.0,1000.0,45000.0,90000.0,1728000.0,9.0,8.0,1.125,Sedang
Pegadaian,motor,weekend,3.0,08.00-11.00,3.0,11.00-14.000,2.0,14.00-16.00,8.0,6.0,4.0,4.0,3.0,2.0,20.0,15.0,8.0,43.0,1000.0,43000.0,86000.0,1651200.0,9.0,8.0,1.125,Sedang
Central Plastik,motor,Weekend,3.0,09.00-12.00,3.0,12.00-15.00,2.0,15.00-17.00,9.0,5.0,2.0,4.0,2.0,1.0,21.0,11.0,4.0,36.0,1000.0,36000.0,36000.0,691200.0,7.0,8.0,0.875,Sedang
Toko Ibu,motor,weekend,3.0,09.00-12.00,3.0,12.00-15.00,2.0,15.00-17.00,8.0,5.0,1.0,4.0,2.0,1.0,20.0,11.0,3.0,34.0,1000.0,34000.0,34000.0,652800.0,7.0,8.0,0.875,Sedang
Sami Asih 1,motor,Weekend,4.0,11.00-15.00,4.0,15.00-19.00,2.0,19.00-21.00,14.0,10.0,8.0,6.0,5.0,3.0,38.0,30.0,14.0,82.0,1000.0,82000.0,164000.0,3148800.0,14.0,10.0,1.4,Sedang
Eka Surya,motor,weekend,4.0,12.00-18.00,5.0,08.00-13.00,3.0,18.00-21.00,13.0,10.0,6.0,9.0,5.0,3.0,49.0,35.0,15.0,99.0,1000.0,99000.0,198000.0,3801600.0,17.0,12.0,1.4166666666666667,Sedang
Rocket Chicken,motor,Weekend,4.0,12.00-16.00,5.0,16.00-21.00,3.0,09.00-12.00,12.0,10.0,8.0,6.0,5.0,4.0,36.0,35.0,20.0,91.0,1000.0,91000.0,182000.0,3494400.0,15.0,12.0,1.25,Sedang
Abata,motor,weekend,5.0,08.00-13.00,4.0,17.00-21.00,4.0,13.00-17.00,13.0,8.0,5.0,8.0,6.0,2.0,53.0,32.0,13.0,98.0,1000.0,98000.0,196000.0,3763200.0,16.0,13.0,1.2307692307692308,Sedang
Bakmi Situmpur,motor,Weekend,3.0,17.00-20.00,2.0,20.00-22.00,2.0,22.00-00.00,8.0,4.0,2.0,4.0,2.0,1.0,20.0,8.0,4.0,32.0,1000.0,32000.0,64000.0,1228800.0,7.0,7.0,1.0,Sedang
TB Gerilya,motor,weekend,3.0,12.00-15.00,4.0,08.00-12.00,2.0,15.00-17.00,6.0,4.0,1.0,6.0,4.0,1.0,24.0,20.0,3.0,47.0,1000.0,47000.0,94000.0,1804800.0,11.0,9.0,1.2222222222222223,Sedang
Indomaret Gerilya,motor,Weekend,6.0,08.00-14.00,5.0,14.00-19.00,3.0,19.00-22.00,9.0,7.0,3.0,4.0,2.0,1.0,33.0,17.0,6.0,56.0,1000.0,56000.0,112000.0,2150400.0,7.0,14.0,0.5,Sedang
BRI Gerilya,motor,weekend,0.0,0,0.0,0,0.0,0,0.0,0.0,0.0,0.0,0.0,0.0,0.0,0.0,0.0,0.0,0.0,0.0,0.0,0.0,0.0,0.0,0.0,Sedang
RM Lik Chip,motor,Weekend,4.0,10.00-14.00,4.0,18.00-22.00,4.0,14.00-18.00,15.0,10.0,7.0,8.0,5.0,2.0,47.0,30.0,15.0,92.0,1000.0,92000.0,184000.0,3532800.0,15.0,12.0,1.25,Sedang
Unyil Andang,motor,weekend,4.0,18.00-22.00,3.0,22.00-01.00,1.0,17.00-18.00,15.0,12.0,5.0,9.0,5.0,3.0,51.0,27.0,8.0,86.0,1000.0,86000.0,172000.0,3302400.0,17.0,8.0,2.125,Sedang
Lamongan Cak Arul,motor,Weekend,4.0,18.00-22.00,5.0,13.00-18.00,3.0,22.00-01.00,10.0,8.0,2.0,5.0,3.0,1.0,30.0,23.0,5.0,58.0,1000.0,58000.0,116000.0,2227200.0,9.0,12.0,0.75,Sedang
Adi Permana,motor,weekend,4.5,08.30-12.00,2.0,15.00-17.00,3.0,12.00-15.00,8.0,5.0,4.0,3.0,3.0,1.0,21.5,11.0,7.0,40.0,1000.0,40000.0,80000.0,1536000.0,7.0,9.5,0.7368421052631579,Sedang
ANS,motor,Weekend,3.0,12.00-15.00,3.0,09.00-12.00,2.5,15.00-17.30,7.0,5.0,2.0,4.0,3.0,1.0,19.0,14.0,4.5,38.0,1000.0,38000.0,76000.0,1459200.0,8.0,8.5,0.9411764705882353,Sedang
Dokter Hewan (S Parman),motor,weekend,4.0,17.00-21.00,5.0,12.00-17.00,3.0,09.00-12.00,15.0,10.0,5.0,9.0,5.0,2.0,51.0,35.0,11.0,97.0,1000.0,97000.0,194000.0,3724800.0,16.0,12.0,1.3333333333333333,Sedang
Dwi Tunggal,motor,Weekend,3.0,11.00-14.00,2.0,14.00-16.00,3.0,08.00-11.00,10.0,8.0,2.0,5.0,3.0,2.0,25.0,14.0,8.0,47.0,1000.0,47000.0,94000.0,1804800.0,10.0,8.0,1.25,Sedang
Indomaret Andang,motor,weekend,6.0,14.00-20.00,7.0,07.00-14.00,2.0,20.00-22.00,9.0,7.0,3.0,7.0,3.0,2.0,51.0,28.0,7.0,86.0,1000.0,86000.0,172000.0,3302400.0,12.0,15.0,0.8,Sedang
Lodeh,motor,Weekend,6.0,12.00-18.00,3.0,18.00-21.00,4.0,08.00-12.00,13.0,9.0,7.0,7.0,5.0,3.0,55.0,24.0,19.0,98.0,1000.0,98000.0,196000.0,3763200.0,15.0,13.0,1.1538461538461537,Sedang
Meubel,motor,weekend,4.0,08.00-12.00,5.0,12.00-17.00,3.0,17.00-20.00,6.0,5.0,2.0,6.0,4.0,1.0,30.0,25.0,5.0,60.0,1000.0,60000.0,120000.0,2304000.0,11.0,12.0,0.9166666666666666,Sedang
Pasar Burung,motor,Weekend,4.0,11.00-15.00,4.0,15.00-19.00,4.0,07.00-11.00,5.0,4.0,1.0,5.0,4.0,1.0,25.0,20.0,5.0,50.0,1000.0,50000.0,100000.0,1920000.0,10.0,12.0,0.8333333333333334,Sedang
Pecak Sambel,motor,weekend,6.0,11.00-17.00,5.0,17.00-22.00,3.0,08.00-11.00,10.0,7.0,3.0,8.0,6.0,3.0,58.0,37.0,12.0,107.0,1000.0,107000.0,214000.0,4108800.0,17.0,14.0,1.2142857142857142,Sedang
Popular-Finance,motor,Weekend,4.0,08.00-12.00,3.0,12.00-15.00,2.0,15.00-17.00,10.0,8.0,5.0,5.0,3.0,2.0,30.0,17.0,9.0,56.0,1000.0,56000.0,112000.0,2150400.0,10.0,9.0,1.1111111111111112,Sedang
Remaja Listrik,motor,weekend,3.0,08.00-11.00,4.0,11.00-15.00,3.0,15.00-18.00,9.0,7.0,5.0,5.0,3.0,2.0,24.0,19.0,11.0,54.0,1000.0,54000.0,108000.0,2073600.0,10.0,10.0,1.0,Sedang
Soto Lawas,motor,Weekend,6.0,14.00-20.00,4.0,10.00-14.00,2.0,20.00-22.00,8.0,6.0,5.0,4.0,3.0,2.0,32.0,18.0,9.0,59.0,1000.0,59000.0,118000.0,2265600.0,9.0,12.0,0.75,Sedang
Mie Eco,motor,weekend,3.0,12.00-15.00,3.0,15.00-18.00,3.0,09.00-12.00,3.0,2.0,1.0,3.0,2.0,1.0,12.0,8.0,4.0,24.0,1000.0,24000.0,48000.0,921600.0,6.0,9.0,0.6666666666666666,Sedang
Shinta,motor,Weekend,3.0,12.00-15.00,2.0,15.00-17.00,3.0,09.00-12.00,7.0,5.0,3.0,5.0,3.0,1.0,22.0,11.0,6.0,39.0,1000.0,39000.0,78000.0,1497600.0,9.0,8.0,1.125,Sedang
Wahyuningsari,motor,weekend,3.0,12.00-16.00,3.0,09.00-12.00,3.0,16.00-19.00,5.0,4.0,3.0,3.0,2.0,1.0,14.0,10.0,6.0,30.0,1000.0,30000.0,60000.0,1152000.0,6.0,9.0,0.6666666666666666,Sedang
Lina Bakery,motor,Weekend,4.0,17.00-21.00,5.0,12.00-17.00,4.0,08.00-12.00,5.0,4.0,2.0,3.0,2.0,1.0,17.0,14.0,6.0,37.0,1000.0,37000.0,74000.0,1420800.0,6.0,13.0,0.46153846153846156,Sedang
Toko Intisari,motor,weekend,4.0,17.00-21.00,4.0,13.00-17.00,4.0,09.00-13.00,5.0,3.0,1.0,5.0,3.0,1.0,25.0,15.0,5.0,45.0,1000.0,45000.0,90000.0,1728000.0,9.0,12.0,0.75,Sedang
Toko Oleh-oleh Pramuka,motor,Weekend,4.0,17.00-21.00,4.0,13.00-17.00,4.0,09.00-13.00,2.0,1.0,0.0,2.0,1.0,0.0,10.0,5.0,0.0,15.0,1000.0,15000.0,30000.0,576000.0,3.0,12.0,0.25,Sedang
Alfamart Pramuka,motor,weekend,6.0,14.00-20.00,6.0,08.00-14.00,2.0,20.00-22.00,8.0,6.0,3.0,5.0,3.0,1.0,38.0,24.0,5.0,67.0,1000.0,67000.0,134000.0,2572800.0,9.0,14.0,0.6428571428571429,Sedang
Alfamart Pancurawis,motor,Weekend,6.0,14.00-20.00,6.0,08.00-14.00,2.0,20.00-22.00,8.0,5.0,3.0,5.0,3.0,1.0,38.0,23.0,5.0,66.0,1000.0,66000.0,132000.0,2534400.0,9.0,14.0,0.6428571428571429,Sedang
Jimmy Salon,motor,weekend,4.0,13.00-17.00,3.0,09.00-12.00,2.0,17.00-19.00,7.0,5.0,3.0,5.0,3.0,2.0,27.0,14.0,7.0,48.0,1000.0,48000.0,96000.0,1843200.0,10.0,9.0,1.1111111111111112,Sedang
Pelangi Baby Shop,motor,Weekend,2.5,15.00-17.30,3.0,12.00-15.00,4.0,08.00-12.00,5.0,3.0,1.0,5.0,3.0,1.0,17.5,12.0,5.0,35.0,1000.0,35000.0,70000.0,1344000.0,9.0,9.5,0.9473684210526315,Sedang
Mie Ayam Wanto,motor,weekend,3.0,11.00-14.00,2.0,09.00-11.00,2.0,14.00-16.00,7.0,5.0,3.0,4.0,3.0,1.0,19.0,11.0,5.0,35.0,1000.0,35000.0,70000.0,1344000.0,8.0,7.0,1.1428571428571428,Sedang
Surya Indah,motor,Weekend,3.0,12.00-15.00,3.0,09.00-12.00,2.0,15.00-17.00,5.0,2.0,1.0,5.0,2.0,1.0,20.0,8.0,3.0,31.0,1000.0,31000.0,62000.0,1190400.0,8.0,8.0,1.0,Sedang
Alfamart Kr Pucung,motor,weekend,6.0,14.00-20.00,6.0,08.00-14.00,2.0,20.00-22.00,8.0,5.0,2.0,4.0,3.0,1.0,32.0,23.0,4.0,59.0,1000.0,59000.0,118000.0,2265600.0,8.0,14.0,0.5714285714285714,Sedang
Alfamart Tj Elok,motor,Weekend,6.0,14.00-20.00,6.0,08.00-14.00,2.0,20.00-22.00,9.0,5.0,3.0,5.0,3.0,1.0,39.0,23.0,5.0,67.0,1000.0,67000.0,134000.0,2572800.0,9.0,14.0,0.6428571428571429,Sedang
Apotek Hutami,motor,weekend,4.0,13.00-17.00,5.0,08.00-13.00,3.0,17.00-20.00,5.0,3.0,1.0,5.0,3.0,1.0,25.0,18.0,4.0,47.0,1000.0,47000.0,94000.0,1804800.0,9.0,12.0,0.75,Sedang
Rumah Teknik,motor,Weekend,4.0,08.00-12.00,2.0,15.00-17.00,3.0,12.00-15.00,8.0,5.0,4.0,5.0,3.0,2.0,28.0,11.0,10.0,49.0,1000.0,49000.0,98000.0,1881600.0,10.0,9.0,1.1111111111111112,Sedang
Sumber Teknik,motor,weekend,5.0,08.00-13.00,4.0,16.00-20.00,3.0,13.00-16.00,8.0,5.0,3.0,6.0,2.0,2.0,38.0,13.0,9.0,60.0,1000.0,60000.0,120000.0,2304000.0,10.0,12.0,0.8333333333333334,Sedang
Mardani Tani,motor,Weekend,3.0,11.00-14.00,3.0,08.00-11.00,2.5,14.00-16.30,4.0,3.0,1.0,4.0,3.0,1.0,16.0,12.0,3.5,32.0,1000.0,32000.0,64000.0,1228800.0,8.0,8.5,0.9411764705882353,Sedang
Area Afra,mobil,weekend,3.0,08.00-11.00,3.0,11.00-14.00,3.0,14.00-17.00,3.0,2.0,2.0,3.0,2.0,1.0,12.0,8.0,5.0,25.0,2000.0,50000.0,100000.0,1920000.0,6.0,9.0,0.6666666666666666,Sedang
Mahkota Putra,mobil,Weekend,6.0,12.00-18.00,3.0,09.00-12.00,3.0,18.00-21.00,7.0,5.0,3.0,3.0,2.0,1.0,25.0,11.0,6.0,42.0,2000.0,84000.0,168000.0,3225600.0,6.0,12.0,0.5,Sedang
Alfamart (deket telkom),mobil,weekend,6.0,12.00-18.00,5.0,07.00-12.00,4.0,18.00-22.00,2.0,1.0,0.0,1.0,0.0,0.0,8.0,1.0,0.0,9.0,2000.0,18000.0,36000.0,691200.0,1.0,15.0,0.06666666666666667,Sedang
Sami Asih 2,mobil,Weekend,3.0,11.00-14.00,4.0,14.00-18.00,2.0,18.00-20.00,9.0,7.0,4.0,5.0,3.0,2.0,24.0,19.0,8.0,51.0,2000.0,102000.0,204000.0,3916800.0,10.0,9.0,1.1111111111111112,Sedang
Area Metro,mobil,weekend,3.0,09.00-12.00,3.0,12.00-15.00,2.0,15.00-17.00,3.0,2.0,1.0,3.0,1.0,0.0,12.0,5.0,1.0,18.0,2000.0,36000.0,36000.0,691200.0,4.0,8.0,0.5,Sedang
Kaliandra,mobil,Weekend,2.5,18.30-21.00,2.0,21.00-23.00,1.0,17.30-18.30,7.0,5.0,3.0,5.0,3.0,2.0,19.5,11.0,5.0,36.0,2000.0,72000.0,144000.0,2764800.0,10.0,5.5,1.8181818181818181,Sedang
Batik Mahkota,mobil,weekend,4.0,11.00-15.00,2.0,09.00-11.00,2.0,15.00-17.00,8.0,5.0,3.0,5.0,3.0,2.0,28.0,11.0,7.0,46.0,2000.0,92000.0,92000.0,1766400.0,10.0,8.0,1.25,Sedang
Pegadaian,mobil,Weekend,3.0,08.00-11.00,3.0,11.00-14.000,2.0,14.00-16.00,2.0,1.0,0.0,1.0,1.0,0.0,5.0,4.0,0.0,9.0,2000.0,18000.0,18000.0,345600.0,2.0,8.0,0.25,Sedang
Central Plastik,mobil,weekend,3.0,09.00-12.00,3.0,12.00-15.00,2.0,15.00-17.00,3.0,2.0,0.0,2.0,1.0,0.0,9.0,5.0,0.0,14.0,2000.0,28000.0,28000.0,537600.0,3.0,8.0,0.375,Sedang
Toko Ibu,mobil,Weekend,3.0,09.00-12.00,3.0,12.00-15.00,2.0,15.00-17.00,4.0,3.0,2.0,3.0,2.0,1.0,13.0,9.0,4.0,26.0,2000.0,52000.0,52000.0,998400.0,6.0,8.0,0.75,Sedang
Sami Asih 1,mobil,weekend,4.0,11.00-15.00,4.0,15.00-19.00,2.0,19.00-21.00,9.0,5.0,3.0,5.0,3.0,2.0,29.0,17.0,7.0,53.0,2000.0,106000.0,212000.0,4070400.0,10.0,10.0,1.0,Sedang
Eka Surya,mobil,Weekend,4.0,12.00-18.00,5.0,08.00-13.00,3.0,18.00-21.00,9.0,5.0,3.0,5.0,3.0,1.0,29.0,20.0,6.0,55.0,2000.0,110000.0,220000.0,4224000.0,9.0,12.0,0.75,Sedang
Rocket Chicken,mobil,weekend,4.0,12.00-16.00,5.0,16.00-21.00,3.0,09.00-12.00,9.0,5.0,3.0,3.0,2.0,1.0,21.0,15.0,6.0,42.0,2000.0,84000.0,168000.0,3225600.0,6.0,12.0,0.5,Sedang
Abata,mobil,Weekend,5.0,08.00-13.00,4.0,17.00-21.00,4.0,13.00-17.00,3.0,3.0,1.0,2.0,1.0,1.0,13.0,7.0,5.0,25.0,2000.0,50000.0,100000.0,1920000.0,4.0,13.0,0.3076923076923077,Sedang
Bakmi Situmpur,mobil,weekend,3.0,17.00-20.00,2.0,20.00-22.00,2.0,22.00-00.00,6.0,3.0,1.0,4.0,2.0,1.0,18.0,7.0,3.0,28.0,2000.0,56000.0,112000.0,2150400.0,7.0,7.0,1.0,Sedang
TB Gerilya,mobil,Weekend,3.0,12.00-15.00,4.0,08.00-12.00,2.0,15.00-17.00,1.0,1.0,0.0,1.0,0.0,0.0,4.0,1.0,0.0,5.0,2000.0,10000.0,20000.0,384000.0,1.0,9.0,0.1111111111111111,Sedang
Indomaret Gerilya,mobil,weekend,6.0,08.00-14.00,5.0,14.00-19.00,3.0,19.00-22.00,3.0,2.0,1.0,3.0,2.0,1.0,21.0,12.0,4.0,37.0,2000.0,74000.0,148000.0,2841600.0,6.0,14.0,0.42857142857142855,Sedang
BRI Gerilya,mobil,Weekend,3.0,08.00-11.00,2.0,11.00-13.00,2.0,13.00-15.00,0.0,0.0,0.0,0.0,0.0,0.0,0.0,0.0,0.0,0.0,2000.0,0.0,0.0,0.0,0.0,7.0,0.0,Sedang
RM Lik Chip,mobil,weekend,4.0,10.00-14.00,4.0,18.00-22.00,4.0,14.00-18.00,11.0,7.0,5.0,5.0,3.0,3.0,31.0,19.0,17.0,67.0,2000.0,134000.0,268000.0,5145600.0,11.0,12.0,0.9166666666666666,Sedang
Unyil Andang,mobil,Weekend,4.0,18.00-22.00,3.0,22.00-01.00,1.0,17.00-18.00,9.0,7.0,2.0,5.0,4.0,1.0,29.0,19.0,3.0,51.0,2000.0,102000.0,204000.0,3916800.0,10.0,8.0,1.25,Sedang
Lamongan Cak Arul,mobil,weekend,4.0,18.00-22.00,5.0,13.00-18.00,3.0,22.00-01.00,4.0,3.0,1.0,3.0,2.0,1.0,16.0,13.0,4.0,33.0,2000.0,66000.0,132000.0,2534400.0,6.0,12.0,0.5,Sedang
Adi Permana,mobil,Weekend,4.5,08.30-12.00,2.0,15.00-17.00,3.0,12.00-15.00,5.0,3.0,1.0,3.0,2.0,1.0,18.5,7.0,4.0,30.0,2000.0,60000.0,60000.0,1152000.0,6.0,9.5,0.631578947368421,Sedang
ANS,mobil,weekend,3.0,12.00-15.00,3.0,09.00-12.00,2.5,15.00-17.30,3.0,2.0,1.0,2.0,1.0,1.0,9.0,5.0,3.5,18.0,2000.0,36000.0,72000.0,1382400.0,4.0,8.5,0.47058823529411764,Sedang
Dokter Hewan (S Parman),mobil,Weekend,4.0,17.00-21.00,5.0,12.00-17.00,3.0,09.00-12.00,2.0,2.0,1.0,2.0,1.0,1.0,10.0,7.0,4.0,21.0,2000.0,42000.0,84000.0,1612800.0,4.0,12.0,0.3333333333333333,Sedang
Dwi Tunggal,mobil,weekend,3.0,11.00-14.00,2.0,14.00-16.00,3.0,08.00-11.00,3.0,2.0,1.0,2.0,1.0,1.0,9.0,4.0,4.0,17.0,2000.0,34000.0,34000.0,652800.0,4.0,8.0,0.5,Sedang
Indomaret Andang,mobil,Weekend,6.0,14.00-20.00,7.0,07.00-14.00,2.0,20.00-22.00,2.0,1.0,1.0,2.0,1.0,0.0,14.0,8.0,1.0,23.0,2000.0,46000.0,92000.0,1766400.0,3.0,15.0,0.2,Sedang
Lodeh,mobil,weekend,6.0,12.00-18.00,3.0,18.00-21.00,4.0,08.00-12.00,3.0,2.0,1.0,3.0,2.0,1.0,21.0,8.0,5.0,34.0,2000.0,68000.0,136000.0,2611200.0,6.0,13.0,0.46153846153846156,Sedang
Meubel,mobil,Weekend,4.0,08.00-12.00,5.0,12.00-17.00,3.0,17.00-20.00,3.0,2.0,2.0,3.0,2.0,1.0,15.0,12.0,5.0,32.0,2000.0,64000.0,128000.0,2457600.0,6.0,12.0,0.5,Sedang
Pasar Burung,mobil,weekend,4.0,11.00-15.00,4.0,15.00-19.00,4.0,07.00-11.00,5.0,4.0,1.0,3.0,2.0,0.0,17.0,12.0,1.0,30.0,2000.0,60000.0,120000.0,2304000.0,5.0,12.0,0.4166666666666667,Sedang
Pecak Sambel,mobil,Weekend,6.0,11.00-17.00,5.0,17.00-22.00,3.0,08.00-11.00,10.0,7.0,3.0,5.0,5.0,2.0,40.0,32.0,9.0,81.0,2000.0,162000.0,324000.0,6220800.0,12.0,14.0,0.8571428571428571,Sedang
Popular-Finance,mobil,weekend,4.0,08.00-12.00,3.0,12.00-15.00,2.0,15.00-17.00,8.0,2.0,1.0,4.0,1.0,1.0,24.0,5.0,3.0,32.0,2000.0,64000.0,128000.0,2457600.0,6.0,9.0,0.6666666666666666,Sedang
Soto Lawas,mobil,Weekend,3.0,08.00-11.00,4.0,11.00-15.00,3.0,15.00-18.00,10.0,8.0,4.0,6.0,3.0,1.0,28.0,20.0,7.0,55.0,2000.0,110000.0,220000.0,4224000.0,10.0,10.0,1.0,Sedang
Mie Eco,mobil,weekend,6.0,14.00-20.00,4.0,10.00-14.00,2.0,20.00-22.00,2.0,1.0,0.0,1.0,1.0,0.0,8.0,5.0,0.0,13.0,2000.0,26000.0,26000.0,499200.0,2.0,12.0,0.16666666666666666,Sedang
Shinta,mobil,Weekend,3.0,12.00-15.00,3.0,15.00-18.00,3.0,09.00-12.00,7.0,6.0,3.0,5.0,4.0,1.0,22.0,18.0,6.0,46.0,2000.0,92000.0,92000.0,1766400.0,10.0,9.0,1.1111111111111112,Sedang
Wahyuningsari,mobil,weekend,3.0,12.00-15.00,2.0,15.00-17.00,3.0,09.00-12.00,4.0,1.0,1.0,2.0,1.0,0.0,10.0,3.0,1.0,14.0,2000.0,28000.0,56000.0,1075200.0,3.0,8.0,0.375,Sedang
Lina Bakery,mobil,Weekend,3.0,12.00-16.00,3.0,09.00-12.00,3.0,16.00-19.00,1.0,0.0,0.0,1.0,0.0,0.0,4.0,0.0,0.0,4.0,2000.0,8000.0,16000.0,307200.0,1.0,9.0,0.1111111111111111,Sedang
Toko Intisari,mobil,weekend,4.0,17.00-21.00,5.0,12.00-17.00,4.0,08.00-12.00,1.0,1.0,0.0,1.0,1.0,0.0,5.0,6.0,0.0,11.0,2000.0,22000.0,44000.0,844800.0,2.0,13.0,0.15384615384615385,Sedang
Toko Oleh-oleh Pramuka,mobil,Weekend,4.0,17.00-21.00,4.0,13.00-17.00,4.0,09.00-13.00,0.0,0.0,0.0,0.0,0.0,0.0,0.0,0.0,0.0,0.0,2000.0,0.0,0.0,0.0,0.0,12.0,0.0,Sedang
Alfamart Pramuka,mobil,weekend,4.0,17.00-21.00,4.0,13.00-17.00,4.0,09.00-13.00,2.0,2.0,1.0,2.0,2.0,1.0,10.0,10.0,5.0,25.0,2000.0,50000.0,100000.0,1920000.0,5.0,12.0,0.4166666666666667,Sedang
Alfamart Pancurawis,mobil,Weekend,6.0,14.00-20.00,6.0,08.00-14.00,2.0,20.00-22.00,2.0,1.0,1.0,2.0,1.0,0.0,14.0,7.0,1.0,22.0,2000.0,44000.0,88000.0,1689600.0,3.0,14.0,0.21428571428571427,Sedang
Jimmy Salon,mobil,weekend,6.0,14.00-20.00,6.0,08.00-14.00,2.0,20.00-22.00,3.0,2.0,0.0,2.0,2.0,0.0,15.0,14.0,0.0,29.0,2000.0,58000.0,58000.0,1113600.0,4.0,14.0,0.2857142857142857,Sedang
Pelangi Baby Shop,mobil,Weekend,4.0,13.00-17.00,3.0,09.00-12.00,2.0,17.00-19.00,2.0,1.0,0.0,1.0,1.0,0.0,6.0,4.0,0.0,10.0,2000.0,20000.0,40000.0,768000.0,2.0,9.0,0.2222222222222222,Sedang
Mie Ayam Wanto,mobil,weekend,2.5,15.00-17.30,3.0,12.00-15.00,4.0,08.00-12.00,2.0,2.0,1.0,2.0,1.0,1.0,7.0,5.0,5.0,17.0,2000.0,34000.0,68000.0,1305600.0,4.0,9.5,0.42105263157894735,Sedang
RS Bunda (Tepi Jalan),mobil,Weekend,3.0,11.00-14.00,2.0,09.00-11.00,2.0,14.00-16.00,4.0,3.0,1.0,2.0,1.0,1.0,10.0,5.0,3.0,18.0,2000.0,36000.0,72000.0,1382400.0,4.0,7.0,0.5714285714285714,Sedang
Surya Indah,mobil,weekend,3.0,12.00-15.00,3.0,09.00-12.00,2.0,15.00-17.00,1.0,0.0,0.0,1.0,0.0,0.0,4.0,0.0,0.0,4.0,2000.0,8000.0,16000.0,307200.0,1.0,8.0,0.125,Sedang
Alfamart Kr Pucung,mobil,Weekend,6.0,14.00-20.00,6.0,08.00-14.00,2.0,20.00-22.00,2.0,1.0,1.0,2.0,1.0,1.0,14.0,7.0,3.0,24.0,2000.0,48000.0,96000.0,1843200.0,4.0,14.0,0.2857142857142857,Sedang
Alfamart Tj Elok,mobil,weekend,6.0,14.00-20.00,6.0,08.00-14.00,2.0,20.00-22.00,2.0,1.0,1.0,2.0,1.0,0.0,14.0,7.0,1.0,22.0,2000.0,44000.0,88000.0,1689600.0,3.0,14.0,0.21428571428571427,Sedang
Apotek Hutami,mobil,Weekend,4.0,13.00-17.00,5.0,08.00-13.00,3.0,17.00-20.00,2.0,1.0,0.0,1.0,1.0,0.0,6.0,6.0,0.0,12.0,2000.0,24000.0,24000.0,460800.0,2.0,12.0,0.16666666666666666,Sedang
Rumah Teknik,mobil,weekend,4.0,08.00-12.00,2.0,15.00-17.00,3.0,12.00-15.00,2.0,2.0,1.0,2.0,1.0,1.0,10.0,4.0,4.0,18.0,2000.0,36000.0,72000.0,1382400.0,4.0,9.0,0.4444444444444444,Sedang
Sumber Teknik,mobil,Weekend,5.0,08.00-13.00,4.0,16.00-20.00,3.0,13.00-16.00,3.0,2.0,1.0,2.0,1.0,1.0,13.0,6.0,4.0,23.0,2000.0,46000.0,46000.0,883200.0,4.0,12.0,0.3333333333333333,Sedang
Mardani Tani,mobil,weekend,3.0,11.00-14.00,3.0,08.00-11.00,2.5,14.00-16.30,1.0,1.0,0.0,1.0,0.0,0.0,4.0,1.0,0.0,5.0,2000.0,10000.0,10000.0,192000.0,1.0,8.5,0.11764705882352941,Sedang
Area ATM,motor,weekday,4.0,08.00-12.00,5.0,16.00-21.00,4.0,12.00-16.00,43.0,28.0,15.0,25.0,18.0,10.0,143.0,118.0,55.0,316.0,1000.0,316000.0,1580000.0,30336000.0,53.0,13.0,4.076923076923077,Tinggi
Toko Purwoaji,motor,weekday,4.0,08.00-12.00,5.0,16.00-21.00,4.0,12.00-16.00,16.0,9.0,5.0,15.0,7.0,2.0,76.0,44.0,13.0,133.0,1000.0,133000.0,665000.0,12768000.0,24.0,13.0,1.8461538461538463,Sedang
Inti Boga,motor,weekday,4.0,08.00-12.00,5.0,16.00-21.00,4.0,12.00-16.00,20.0,8.0,4.0,18.0,6.0,2.0,92.0,38.0,12.0,142.0,1000.0,142000.0,710000.0,13632000.0,26.0,13.0,2.0,Sedang
Toko Emas Kencana,motor,weekday,4.0,08.00-12.00,5.0,16.00-21.00,4.0,12.00-16.00,23.0,14.0,8.0,14.0,8.0,3.0,79.0,54.0,20.0,153.0,1000.0,153000.0,765000.0,14688000.0,25.0,13.0,1.9230769230769231,Sedang
Eka Ria boga,motor,weekday,3.0,07.00-12.00,2.0,12.00-14.00,3.0,14.00-17.00,19.0,13.0,10.0,13.0,10.0,3.0,58.0,33.0,19.0,110.0,1000.0,110000.0,550000.0,10560000.0,26.0,8.0,3.25,Tinggi
Morodadi,motor,weekday,3.0,07.00-12.00,2.0,12.00-14.00,3.0,14.00-17.00,38.0,28.0,11.0,12.0,11.0,8.0,74.0,50.0,35.0,159.0,1000.0,159000.0,795000.0,15264000.0,31.0,8.0,3.875,Tinggi
Arjuna Emas,motor,weekday,4.0,08.00-12.00,2.0,12.00-14.00,2.0,14.00-18.00,22.0,16.0,4.0,22.0,16.0,2.0,110.0,48.0,8.0,166.0,1000.0,166000.0,830000.0,15936000.0,40.0,8.0,5.0,Tinggi
Eka Ria,motor,weekday,3.0,09.00-12.00,5.0,16.00-21.00,4.0,12.00-16.00,12.0,9.0,3.0,9.0,7.0,2.0,39.0,44.0,11.0,94.0,1000.0,94000.0,470000.0,9024000.0,18.0,12.0,1.5,Sedang
Gajah Emas,motor,weekday,4.0,08.00-12.00,5.0,16.00-21.00,4.0,12.00-16.00,24.0,14.0,7.0,20.0,12.0,5.0,104.0,74.0,27.0,205.0,1000.0,205000.0,1025000.0,19680000.0,37.0,13.0,2.8461538461538463,Tinggi
Toko Dua Saudara,motor,weekday,4.0,08.00-12.00,5.0,16.00-21.00,4.0,12.00-16.00,18.0,13.0,10.0,11.0,7.0,5.0,62.0,48.0,30.0,140.0,1000.0,140000.0,700000.0,13440000.0,23.0,13.0,1.7692307692307692,Sedang
"an Rocket, BMT, dan",motor,weekday,3.0,09.00-12.00,6.0,16.00-22.00,4.0,12.00-16.00,28.0,12.0,7.0,12.0,9.0,5.0,64.0,66.0,27.0,157.0,1000.0,157000.0,785000.0,15072000.0,26.0,13.0,2.0,Sedang
potek dan Bank Jaten,motor,weekday,3.0,09.00-12.00,6.0,16.00-22.00,4.0,12.00-16.00,21.0,16.0,7.0,19.0,13.0,6.0,78.0,94.0,31.0,203.0,1000.0,203000.0,1015000.0,19488000.0,38.0,13.0,2.923076923076923,Tinggi
Apotik Karanglewas,motor,weekday,3.0,09.00-12.00,2.0,12.00-14.00,3.0,14.00-17.00,7.0,5.0,3.0,4.0,3.0,2.0,19.0,11.0,9.0,39.0,1000.0,39000.0,195000.0,3744000.0,9.0,8.0,1.125,Sedang
"Mode, Titipkue, Gaja",motor,weekday,4.0,08.00-12.00,2.0,12.00-14.00,3.0,14.00-17.00,13.0,13.0,6.0,11.0,7.0,3.0,57.0,27.0,15.0,99.0,1000.0,99000.0,495000.0,9504000.0,21.0,9.0,2.3333333333333335,Sedang
Wina dan Sembada,motor,weekday,4.0,08.00-12.00,4.0,12.00-16.00,3.0,16.00-19.00,7.0,5.0,3.0,7.0,4.0,3.0,35.0,21.0,12.0,68.0,1000.0,68000.0,340000.0,6528000.0,14.0,11.0,1.2727272727272727,Sedang
Sate Dua Saudara,motor,weekday,5.0,16.00-21.00,4.0,12.00-16.00,4.0,09.00-12.00,11.0,8.0,6.0,3.0,2.0,2.0,26.0,16.0,14.0,56.0,1000.0,56000.0,280000.0,5376000.0,7.0,13.0,0.5384615384615384,Sedang
Jl. Djaydiwangsa,motor,weekday,3.0,09.00-12.00,2.0,12.00-14.00,3.0,14.00-17.00,158.0,107.0,29.0,72.0,24.0,19.0,374.0,155.0,86.0,615.0,1000.0,615000.0,3075000.0,59040000.0,115.0,8.0,14.375,Tinggi
lfamart Karanglewas,motor,weekday,5.0,18.00-23.00,6.0,12.00-18.00,5.0,07.00-12.00,22.0,16.0,12.0,12.0,9.0,4.0,82.0,70.0,32.0,184.0,1000.0,184000.0,920000.0,17664000.0,25.0,16.0,1.5625,Sedang
mas plastik - studio b,motor,weekday,4.0,08.00-12.00,2.0,12.00-14.00,3.0,14.00-17.00,8.0,5.0,4.0,6.0,3.0,2.0,32.0,11.0,10.0,53.0,1000.0,53000.0,265000.0,5088000.0,11.0,9.0,1.2222222222222223,Sedang
tedja elektrik,motor,weekday,4.0,08.00-12.00,2.0,12.00-14.00,4.0,14.00-18.00,5.0,3.0,2.0,3.0,2.0,1.0,17.0,7.0,6.0,30.0,1000.0,30000.0,150000.0,2880000.0,6.0,10.0,0.6,Sedang
lfamart karanglewas,motor,weekday,5.0,18.00-23.00,6.0,12.00-18.00,5.0,07.00-12.00,9.0,6.0,3.0,7.0,5.0,2.0,44.0,36.0,13.0,93.0,1000.0,93000.0,465000.0,8928000.0,14.0,16.0,0.875,Sedang
mode-gajah sakti-sin,motor,weekday,4.0,08.00-12.00,2.0,12.00-14.00,3.0,14.00-17.00,20.0,17.0,7.0,14.0,7.0,3.0,76.0,31.0,16.0,123.0,1000.0,123000.0,615000.0,11808000.0,24.0,9.0,2.6666666666666665,Tinggi
sumber boga,motor,weekday,3.0,07.00-12.00,2.0,12.00-14.00,3.0,14.00-17.00,17.0,16.0,12.0,7.0,5.0,3.0,38.0,26.0,21.0,85.0,1000.0,85000.0,425000.0,8160000.0,15.0,8.0,1.875,Sedang
terapi gratis,motor,weekday,3.0,08.00-11.00,2.0,13.00-15.00,2.0,11.00-13.00,11.0,8.0,3.0,6.0,2.0,1.0,29.0,12.0,5.0,46.0,1000.0,46000.0,230000.0,4416000.0,9.0,7.0,1.2857142857142858,Sedang
erus jaya-tara plasti,motor,weekday,3.0,07.00-12.00,2.0,12.00-14.00,3.0,14.00-17.00,12.0,9.0,7.0,7.0,3.0,2.0,33.0,15.0,13.0,61.0,1000.0,61000.0,305000.0,5856000.0,12.0,8.0,1.5,Sedang
Area ATM,mobil,weekday,4.0,08.00-12.00,5.0,16.00-21.00,4.0,12.00-16.00,14.0,6.0,6.0,6.0,6.0,2.0,38.0,36.0,14.0,88.0,2000.0,176000.0,880000.0,16896000.0,14.0,13.0,1.0769230769230769,Sedang
Toko Purwoaji,mobil,weekday,4.0,08.00-12.00,5.0,16.00-21.00,4.0,12.00-16.00,6.0,4.0,3.0,3.0,2.0,1.0,18.0,14.0,7.0,39.0,2000.0,78000.0,390000.0,7488000.0,6.0,13.0,0.46153846153846156,Sedang
Inti Boga,mobil,weekday,4.0,08.00-12.00,5.0,16.00-21.00,4.0,12.00-16.00,6.0,4.0,3.0,5.0,3.0,1.0,26.0,19.0,7.0,52.0,2000.0,104000.0,520000.0,9984000.0,9.0,13.0,0.6923076923076923,Sedang
Toko Emas Kencana,mobil,weekday,4.0,08.00-12.00,5.0,16.00-21.00,4.0,12.00-16.00,5.0,3.0,2.0,3.0,2.0,1.0,17.0,13.0,6.0,36.0,2000.0,72000.0,360000.0,6912000.0,6.0,13.0,0.46153846153846156,Sedang
Eka Ria Boga,mobil,weekday,3.0,07.00-12.00,2.0,12.00-14.00,3.0,14.00-17.00,5.0,3.0,2.0,3.0,2.0,1.0,14.0,7.0,5.0,26.0,2000.0,52000.0,260000.0,4992000.0,6.0,8.0,0.75,Sedang
Morodadi,mobil,weekday,3.0,07.00-12.00,2.0,12.00-14.00,3.0,14.00-17.00,6.0,4.0,3.0,6.0,4.0,3.0,24.0,12.0,12.0,48.0,2000.0,96000.0,480000.0,9216000.0,13.0,8.0,1.625,Sedang
Arjuna Emas,mobil,weekday,4.0,08.00-12.00,2.0,12.00-14.00,2.0,14.00-18.00,3.0,1.0,1.0,2.0,1.0,0.0,11.0,3.0,1.0,15.0,2000.0,30000.0,150000.0,2880000.0,3.0,8.0,0.375,Sedang
Eka Ria,mobil,weekday,3.0,09.00-12.00,5.0,16.00-21.00,4.0,12.00-16.00,0.0,0.0,0.0,0.0,0.0,0.0,0.0,0.0,0.0,0.0,2000.0,0.0,0.0,0.0,0.0,12.0,0.0,Sedang
Gajah Emas,mobil,weekday,4.0,08.00-12.00,5.0,16.00-21.00,4.0,12.00-16.00,0.0,0.0,0.0,0.0,0.0,0.0,0.0,0.0,0.0,0.0,2000.0,0.0,0.0,0.0,0.0,13.0,0.0,Sedang
Toko Dua Saudara,mobil,weekday,4.0,08.00-12.00,5.0,16.00-21.00,4.0,12.00-16.00,5.0,2.0,1.0,3.0,2.0,1.0,17.0,12.0,5.0,34.0,2000.0,68000.0,340000.0,6528000.0,6.0,13.0,0.46153846153846156,Sedang
"an Rocket, BMT, dan",mobil,weekday,3.0,09.00-12.00,6.0,16.00-22.00,4.0,12.00-16.00,4.0,2.0,1.0,3.0,2.0,1.0,13.0,14.0,5.0,32.0,2000.0,64000.0,320000.0,6144000.0,6.0,13.0,0.46153846153846156,Sedang
potek dan Bank Jaten,mobil,weekday,3.0,09.00-12.00,6.0,16.00-22.00,4.0,12.00-16.00,5.0,4.0,1.0,2.0,1.0,1.0,11.0,10.0,5.0,26.0,2000.0,52000.0,260000.0,4992000.0,4.0,13.0,0.3076923076923077,Sedang
Apotik Karanglewas,mobil,weekday,3.0,09.00-12.00,2.0,12.00-14.00,3.0,14.00-17.00,2.0,2.0,1.0,2.0,1.0,1.0,8.0,4.0,4.0,16.0,2000.0,32000.0,160000.0,3072000.0,4.0,8.0,0.5,Sedang
"Mode, Titipkue, Gaja",mobil,weekday,4.0,08.00-12.00,2.0,12.00-14.00,3.0,14.00-17.00,2.0,2.0,1.0,2.0,1.0,1.0,10.0,4.0,4.0,18.0,2000.0,36000.0,180000.0,3456000.0,4.0,9.0,0.4444444444444444,Sedang
Wina dan Sembada,mobil,weekday,4.0,08.00-12.00,4.0,12.00-16.00,3.0,16.00-19.00,0.0,0.0,0.0,0.0,0.0,0.0,0.0,0.0,0.0,0.0,2000.0,0.0,0.0,0.0,0.0,11.0,0.0,Sedang
Sate Dua Saudara,mobil,weekday,5.0,16.00-21.00,4.0,12.00-16.00,4.0,09.00-12.00,2.0,1.0,0.0,2.0,1.0,0.0,12.0,5.0,0.0,17.0,2000.0,34000.0,170000.0,3264000.0,3.0,13.0,0.23076923076923078,Sedang
Jl. Djaydiwangsa,mobil,weekday,3.0,09.00-12.00,2.0,12.00-14.00,3.0,14.00-17.00,7.0,5.0,3.0,3.0,2.0,1.0,16.0,9.0,6.0,31.0,2000.0,62000.0,310000.0,5952000.0,6.0,8.0,0.75,Sedang
lfamart Karanglewas,mobil,weekday,5.0,18.00-23.00,6.0,12.00-18.00,5.0,07.00-12.00,2.0,1.0,1.0,2.0,1.0,0.0,12.0,7.0,1.0,20.0,2000.0,40000.0,200000.0,3840000.0,3.0,16.0,0.1875,Sedang
mas plastik - studio b,mobil,weekday,4.0,08.00-12.00,2.0,12.00-14.00,3.0,14.00-17.00,1.0,1.0,0.0,1.0,0.0,0.0,5.0,1.0,0.0,6.0,2000.0,12000.0,60000.0,1152000.0,1.0,9.0,0.1111111111111111,Sedang
tedja elektrik,mobil,weekday,4.0,08.00-12.00,2.0,12.00-14.00,4.0,14.00-18.00,0.0,0.0,0.0,0.0,0.0,0.0,0.0,0.0,0.0,0.0,2000.0,0.0,0.0,0.0,0.0,10.0,0.0,Sedang
lfamart karanglewas,mobil,weekday,5.0,18.00-23.00,6.0,12.00-18.00,5.0,07.00-12.00,2.0,1.0,1.0,2.0,1.0,0.0,12.0,7.0,1.0,20.0,2000.0,40000.0,200000.0,3840000.0,3.0,16.0,0.1875,Sedang
mode-gajah sakti-sin,mobil,weekday,4.0,08.00-12.00,2.0,12.00-14.00,3.0,14.00-17.00,2.0,1.0,0.0,1.0,1.0,0.0,6.0,3.0,0.0,9.0,2000.0,18000.0,90000.0,1728000.0,2.0,9.0,0.2222222222222222,Sedang
sumber boga,mobil,weekday,3.0,07.00-12.00,2.0,12.00-14.00,3.0,14.00-17.00,3.0,2.0,0.0,2.0,1.0,0.0,9.0,4.0,0.0,13.0,2000.0,26000.0,130000.0,2496000.0,3.0,8.0,0.375,Sedang
terapi gratis,mobil,weekday,3.0,08.00-11.00,2.0,13.00-15.00,2.0,11.00-13.00,1.0,0.0,0.0,1.0,0.0,0.0,4.0,0.0,0.0,4.0,2000.0,8000.0,40000.0,768000.0,1.0,7.0,0.14285714285714285,Sedang
erus jaya-tara plasti,mobil,weekday,3.0,07.00-12.00,2.0,12.00-14.00,3.0,14.00-17.00,2.0,2.0,1.0,2.0,1.0,1.0,8.0,4.0,4.0,16.0,2000.0,32000.0,160000.0,3072000.0,4.0,8.0,0.5,Sedang
Area ATM,motor,weekend,4.0,08.00-12.00,5.0,16.00-21.00,4.0,12.00-16.00,43.0,28.0,15.0,25.0,18.0,10.0,143.0,118.0,55.0,316.0,1000.0,316000.0,632000.0,12134400.0,53.0,13.0,4.076923076923077,Tinggi
Toko Purwoaji,motor,weekend,4.0,08.00-12.00,5.0,16.00-21.00,4.0,12.00-16.00,16.0,9.0,5.0,15.0,7.0,2.0,76.0,44.0,13.0,133.0,1000.0,133000.0,266000.0,5107200.0,24.0,13.0,1.8461538461538463,Sedang
Inti Boga,motor,weekend,4.0,08.00-12.00,5.0,16.00-21.00,4.0,12.00-16.00,20.0,8.0,4.0,18.0,6.0,2.0,92.0,38.0,12.0,142.0,1000.0,142000.0,284000.0,5452800.0,26.0,13.0,2.0,Sedang
Toko Emas Kencana,motor,weekend,4.0,08.00-12.00,5.0,16.00-21.00,4.0,12.00-16.00,25.0,14.0,8.0,17.0,8.0,3.0,93.0,54.0,20.0,167.0,1000.0,167000.0,334000.0,6412800.0,28.0,13.0,2.1538461538461537,Sedang
Eka Ria boga,motor,weekend,3.0,07.00-12.00,2.0,12.00-14.00,3.0,14.00-17.00,19.0,13.0,10.0,13.0,10.0,3.0,58.0,33.0,19.0,110.0,1000.0,110000.0,220000.0,4224000.0,26.0,8.0,3.25,Tinggi
Morodadi,motor,weekend,3.0,07.00-12.00,2.0,12.00-14.00,3.0,14.00-17.00,41.0,32.0,11.0,12.0,11.0,8.0,77.0,54.0,35.0,166.0,1000.0,166000.0,332000.0,6374400.0,31.0,8.0,3.875,Tinggi
Arjuna Emas,motor,weekend,4.0,08.00-12.00,2.0,12.00-14.00,2.0,14.00-18.00,22.0,16.0,4.0,22.0,16.0,2.0,110.0,48.0,8.0,166.0,1000.0,166000.0,332000.0,6374400.0,40.0,8.0,5.0,Tinggi
Eka Ria,motor,weekend,3.0,09.00-12.00,5.0,16.00-21.00,4.0,12.00-16.00,23.0,17.0,7.0,15.0,9.0,5.0,68.0,62.0,27.0,157.0,1000.0,157000.0,314000.0,6028800.0,29.0,12.0,2.4166666666666665,Tinggi
Gajah Emas,motor,weekend,4.0,08.00-12.00,5.0,16.00-21.00,4.0,12.00-16.00,28.0,14.0,7.0,20.0,12.0,5.0,108.0,74.0,27.0,209.0,1000.0,209000.0,418000.0,8025600.0,37.0,13.0,2.8461538461538463,Tinggi
Toko Dua Saudara,motor,weekend,4.0,08.00-12.00,5.0,16.00-21.00,4.0,12.00-16.00,22.0,18.0,10.0,20.0,9.0,5.0,102.0,63.0,30.0,195.0,1000.0,195000.0,390000.0,7488000.0,34.0,13.0,2.6153846153846154,Tinggi
"eretan Rocket, BMT, dan Mixu",motor,weekend,3.0,09.00-12.00,6.0,16.00-22.00,4.0,12.00-16.00,28.0,12.0,7.0,12.0,9.0,5.0,64.0,66.0,27.0,157.0,1000.0,157000.0,314000.0,6028800.0,26.0,13.0,2.0,Sedang
Apotek dan Bank Jateng,motor,weekend,3.0,09.00-12.00,6.0,16.00-22.00,4.0,12.00-16.00,21.0,16.0,7.0,19.0,13.0,6.0,78.0,94.0,31.0,203.0,1000.0,203000.0,406000.0,7795200.0,38.0,13.0,2.923076923076923,Tinggi
Apotik Karanglewas,motor,weekend,3.0,09.00-12.00,2.0,12.00-14.00,3.0,14.00-17.00,7.0,5.0,3.0,4.0,3.0,2.0,19.0,11.0,9.0,39.0,1000.0,39000.0,78000.0,1497600.0,9.0,8.0,1.125,Sedang
"ral Mode, Titipkue, Gajah Sak",motor,weekend,4.0,08.00-12.00,2.0,12.00-14.00,3.0,14.00-17.00,14.0,13.0,6.0,11.0,7.0,3.0,58.0,27.0,15.0,100.0,1000.0,100000.0,200000.0,3840000.0,21.0,9.0,2.3333333333333335,Sedang
Wina dan Sembada,motor,weekend,4.0,08.00-12.00,4.0,12.00-16.00,3.0,16.00-19.00,8.0,5.0,3.0,7.0,4.0,3.0,36.0,21.0,12.0,69.0,1000.0,69000.0,138000.0,2649600.0,14.0,11.0,1.2727272727272727,Sedang
Sate Dua Saudara,motor,weekend,5.0,16.00-21.00,4.0,12.00-16.00,4.0,09.00-12.00,11.0,8.0,6.0,3.0,2.0,2.0,26.0,16.0,14.0,56.0,1000.0,56000.0,112000.0,2150400.0,7.0,13.0,0.5384615384615384,Sedang
Jl. Djaydiwangsa,motor,weekend,3.0,09.00-12.00,2.0,12.00-14.00,3.0,14.00-17.00,123.0,104.0,29.0,65.0,24.0,19.0,318.0,152.0,86.0,556.0,1000.0,556000.0,1112000.0,21350400.0,108.0,8.0,13.5,Tinggi
Alfamart Karanglewas 1,motor,weekend,5.0,18.00-23.00,6.0,12.00-18.00,5.0,07.00-12.00,18.0,14.0,7.0,12.0,9.0,4.0,78.0,68.0,27.0,173.0,1000.0,173000.0,346000.0,6643200.0,25.0,16.0,1.5625,Sedang
alet mas plastik - studio beau,motor,weekend,4.0,08.00-12.00,2.0,12.00-14.00,3.0,14.00-17.00,5.0,4.0,3.0,5.0,3.0,2.0,25.0,10.0,9.0,44.0,1000.0,44000.0,88000.0,1689600.0,10.0,9.0,1.1111111111111112,Sedang
tedja elektrik,motor,weekend,4.0,08.00-12.00,2.0,12.00-14.00,4.0,14.00-18.00,5.0,3.0,2.0,3.0,2.0,1.0,17.0,7.0,6.0,30.0,1000.0,30000.0,60000.0,1152000.0,6.0,10.0,0.6,Sedang
alfamart karanglewas 2,motor,weekend,5.0,18.00-23.00,6.0,12.00-18.00,5.0,07.00-12.00,9.0,6.0,3.0,7.0,5.0,2.0,44.0,36.0,13.0,93.0,1000.0,93000.0,186000.0,3571200.0,14.0,16.0,0.875,Sedang
tral mode-gajah sakti-sinar b,motor,weekend,4.0,08.00-12.00,2.0,12.00-14.00,3.0,14.00-17.00,23.0,17.0,7.0,20.0,7.0,3.0,103.0,31.0,16.0,150.0,1000.0,150000.0,300000.0,5760000.0,30.0,9.0,3.3333333333333335,Tinggi
sumber boga,motor,weekend,3.0,07.00-12.00,2.0,12.00-14.00,3.0,14.00-17.00,22.0,19.0,12.0,7.0,5.0,4.0,43.0,29.0,24.0,96.0,1000.0,96000.0,192000.0,3686400.0,16.0,8.0,2.0,Sedang
terapi gratis,motor,weekend,3.0,08.00-11.00,2.0,13.00-15.00,2.0,11.00-13.00,21.0,12.0,4.0,7.0,5.0,2.0,42.0,22.0,8.0,72.0,1000.0,72000.0,144000.0,2764800.0,14.0,7.0,2.0,Sedang
terus jaya-tara plastik,motor,weekend,3.0,07.00-12.00,2.0,12.00-14.00,3.0,14.00-17.00,13.0,9.0,7.0,7.0,3.0,2.0,34.0,15.0,13.0,62.0,1000.0,62000.0,124000.0,2380800.0,12.0,8.0,1.5,Sedang
Area ATM,mobil,weekend,4.0,08.00-12.00,5.0,16.00-21.00,4.0,12.00-16.00,14.0,6.0,6.0,6.0,6.0,2.0,38.0,36.0,14.0,88.0,2000.0,176000.0,352000.0,6758400.0,14.0,13.0,1.0769230769230769,Sedang
Toko Purwoaji,mobil,weekend,4.0,08.00-12.00,5.0,16.00-21.00,4.0,12.00-16.00,3.0,3.0,2.0,3.0,2.0,1.0,15.0,13.0,6.0,34.0,2000.0,68000.0,136000.0,2611200.0,6.0,13.0,0.46153846153846156,Sedang
Inti Boga,mobil,weekend,4.0,08.00-12.00,5.0,16.00-21.00,4.0,12.00-16.00,6.0,4.0,3.0,5.0,3.0,1.0,26.0,19.0,7.0,52.0,2000.0,104000.0,208000.0,3993600.0,9.0,13.0,0.6923076923076923,Sedang
Toko Emas Kencana,mobil,weekend,4.0,08.00-12.00,5.0,16.00-21.00,4.0,12.00-16.00,5.0,3.0,2.0,3.0,2.0,1.0,17.0,13.0,6.0,36.0,2000.0,72000.0,144000.0,2764800.0,6.0,13.0,0.46153846153846156,Sedang
Eka Ria Boga,mobil,weekend,3.0,07.00-12.00,2.0,12.00-14.00,3.0,14.00-17.00,5.0,3.0,2.0,3.0,2.0,1.0,14.0,7.0,5.0,26.0,2000.0,52000.0,104000.0,1996800.0,6.0,8.0,0.75,Sedang
Morodadi,mobil,weekend,3.0,07.00-12.00,2.0,12.00-14.00,3.0,14.00-17.00,6.0,4.0,3.0,6.0,4.0,3.0,24.0,12.0,12.0,48.0,2000.0,96000.0,192000.0,3686400.0,13.0,8.0,1.625,Sedang
Arjuna Emas,mobil,weekend,4.0,08.00-12.00,2.0,12.00-14.00,2.0,14.00-18.00,3.0,1.0,1.0,2.0,1.0,0.0,11.0,3.0,1.0,15.0,2000.0,30000.0,60000.0,1152000.0,3.0,8.0,0.375,Sedang
Eka Ria,mobil,weekend,3.0,09.00-12.00,5.0,16.00-21.00,4.0,12.00-16.00,0.0,0.0,0.0,0.0,0.0,0.0,0.0,0.0,0.0,0.0,2000.0,0.0,0.0,0.0,0.0,12.0,0.0,Sedang
Gajah Emas,mobil,weekend,4.0,08.00-12.00,5.0,16.00-21.00,4.0,12.00-16.00,0.0,0.0,0.0,0.0,0.0,0.0,0.0,0.0,0.0,0.0,2000.0,0.0,0.0,0.0,0.0,13.0,0.0,Sedang
Toko Dua Saudara,mobil,weekend,4.0,08.00-12.00,5.0,16.00-21.00,4.0,12.00-16.00,4.0,2.0,1.0,3.0,2.0,1.0,16.0,12.0,5.0,33.0,2000.0,66000.0,132000.0,2534400.0,6.0,13.0,0.46153846153846156,Sedang
"eretan Rocket, BMT, dan Mixu",mobil,weekend,3.0,09.00-12.00,6.0,16.00-22.00,4.0,12.00-16.00,7.0,6.0,4.0,5.0,3.0,2.0,22.0,24.0,12.0,58.0,2000.0,116000.0,232000.0,4454400.0,10.0,13.0,0.7692307692307693,Sedang
Alfamart dan Bank Jateng,mobil,weekend,3.0,09.00-12.00,6.0,16.00-22.00,4.0,12.00-16.00,4.0,4.0,1.0,2.0,1.0,1.0,10.0,10.0,5.0,25.0,2000.0,50000.0,100000.0,1920000.0,4.0,13.0,0.3076923076923077,Sedang
Apotik Karanglewas,mobil,weekend,3.0,09.00-12.00,2.0,12.00-14.00,3.0,14.00-17.00,2.0,2.0,1.0,2.0,1.0,1.0,8.0,4.0,4.0,16.0,2000.0,32000.0,64000.0,1228800.0,4.0,8.0,0.5,Sedang
"ral Mode, Titipkue, Gajah Sak",mobil,weekend,4.0,08.00-12.00,2.0,12.00-14.00,3.0,14.00-17.00,3.0,2.0,1.0,2.0,1.0,1.0,11.0,4.0,4.0,19.0,2000.0,38000.0,76000.0,1459200.0,4.0,9.0,0.4444444444444444,Sedang
Wina dan Sembada,mobil,weekend,4.0,08.00-12.00,4.0,12.00-16.00,3.0,16.00-19.00,0.0,0.0,0.0,0.0,0.0,0.0,0.0,0.0,0.0,0.0,2000.0,0.0,0.0,0.0,0.0,11.0,0.0,Sedang
Sate Dua Saudara,mobil,weekend,5.0,16.00-21.00,4.0,12.00-16.00,4.0,09.00-12.00,4.0,3.0,2.0,3.0,2.0,1.0,19.0,11.0,6.0,36.0,2000.0,72000.0,144000.0,2764800.0,6.0,13.0,0.46153846153846156,Sedang
Jl. Djaydiwangsa,mobil,weekend,3.0,09.00-12.00,2.0,12.00-14.00,3.0,14.00-17.00,5.0,4.0,3.0,3.0,2.0,1.0,14.0,8.0,6.0,28.0,2000.0,56000.0,112000.0,2150400.0,6.0,8.0,0.75,Sedang
Alfamart Karanglewas 1,mobil,weekend,5.0,18.00-23.00,6.0,12.00-18.00,5.0,07.00-12.00,2.0,1.0,0.0,1.0,1.0,0.0,7.0,7.0,0.0,14.0,2000.0,28000.0,56000.0,1075200.0,2.0,16.0,0.125,Sedang
alet mas plastik - studio beau,mobil,weekend,4.0,08.00-12.00,2.0,12.00-14.00,3.0,14.00-17.00,1.0,1.0,0.0,1.0,0.0,0.0,5.0,1.0,0.0,6.0,2000.0,12000.0,24000.0,460800.0,1.0,9.0,0.1111111111111111,Sedang
tedja elektrik,mobil,weekend,4.0,08.00-12.00,2.0,12.00-14.00,4.0,14.00-18.00,0.0,0.0,0.0,0.0,0.0,0.0,0.0,0.0,0.0,0.0,2000.0,0.0,0.0,0.0,0.0,10.0,0.0,Sedang
alfamart karanglewas 2,mobil,weekend,5.0,18.00-23.00,6.0,12.00-18.00,5.0,07.00-12.00,2.0,1.0,1.0,2.0,1.0,0.0,12.0,7.0,1.0,20.0,2000.0,40000.0,80000.0,1536000.0,3.0,16.0,0.1875,Sedang
tral mode-gajah sakti-sinar b,mobil,weekend,4.0,08.00-12.00,2.0,12.00-14.00,3.0,14.00-17.00,2.0,1.0,0.0,1.0,1.0,0.0,6.0,3.0,0.0,9.0,2000.0,18000.0,36000.0,691200.0,2.0,9.0,0.2222222222222222,Sedang
sumber boga,mobil,weekend,3.0,07.00-12.00,2.0,12.00-14.00,3.0,14.00-17.00,2.0,2.0,0.0,2.0,1.0,0.0,8.0,4.0,0.0,12.0,2000.0,24000.0,48000.0,921600.0,3.0,8.0,0.375,Sedang
terapi gratis,mobil,weekend,3.0,08.00-11.00,2.0,13.00-15.00,2.0,11.00-13.00,1.0,0.0,0.0,1.0,0.0,0.0,4.0,0.0,0.0,4.0,2000.0,8000.0,16000.0,307200.0,1.0,7.0,0.14285714285714285,Sedang
terus jaya-tara plastik,mobil,weekend,3.0,07.00-12.00,2.0,12.00-14.00,3.0,14.00-17.00,3.0,2.0,1.0,2.0,1.0,1.0,9.0,4.0,4.0,17.0,2000.0,34000.0,68000.0,1305600.0,4.0,8.0,0.5,Sedang
Alfamidi Wahid Hasyim,motor,weekday,4.0,12.00-16.00,6.0,16.00-22.00,5.0,"09.00-12.00,
22.00-00.00",5.0,3.0,1.0,5.0,2.0,1.0,25.0,15.0,6.0,46.0,1000.0,46000.0,230000.0,4416000.0,8.0,15.0,0.5333333333333333,Sedang
Tepi Jalan BJ,motor,weekday,4.0,12.00-16.00,5.0,16.00-21.00,4.0,08.00-12.00,13.0,7.0,3.0,9.0,3.0,2.0,49.0,22.0,11.0,82.0,1000.0,82000.0,410000.0,7872000.0,14.0,13.0,1.0769230769230769,Sedang
Warung SS-JailBreak,motor,weekday,1.0,12.00-13.00,2.0,18.00-22.00,5.0,13.00-18.00,7.0,4.0,3.0,4.0,3.0,1.0,11.0,10.0,8.0,29.0,1000.0,29000.0,145000.0,2784000.0,8.0,8.0,1.0,Sedang
Sonic Chicken,motor,weekday,4.0,12.00-16.00,6.0,16.00-22.00,3.0,09.00-12.00,8.0,6.0,3.0,5.0,4.0,2.0,28.0,30.0,9.0,67.0,1000.0,67000.0,335000.0,6432000.0,11.0,13.0,0.8461538461538461,Sedang
Alfamart Wahid Hasyim,motor,weekday,4.0,18.00-22.00,5.0,07.00-12.00,6.0,12.00-18.00,5.0,3.0,2.0,7.0,2.0,2.0,33.0,13.0,14.0,60.0,1000.0,60000.0,300000.0,5760000.0,11.0,15.0,0.7333333333333333,Sedang
Indomaret Wahid Hasyim,motor,weekday,4.0,18.00-22.00,5.0,07.00-12.00,6.0,12.00-18.00,5.0,4.0,1.0,7.0,4.0,1.0,33.0,24.0,7.0,64.0,1000.0,64000.0,320000.0,6144000.0,12.0,15.0,0.8,Sedang
cket Chiken Wahid Hasyi,motor,weekday,3.0,10.00-13.00,3.0,18.00-21.00,5.0,13.00-18.00,7.0,5.0,3.0,7.0,3.0,2.0,28.0,14.0,13.0,55.0,1000.0,55000.0,275000.0,5280000.0,12.0,11.0,1.0909090909090908,Sedang
Salsa Snack,motor,weekday,3.0,06.00-09.00,7.0,09.00-16.00,5.0,16.00-21.00,9.0,5.0,2.0,9.0,5.0,2.0,36.0,40.0,12.0,88.0,1000.0,88000.0,440000.0,8448000.0,16.0,15.0,1.0666666666666667,Sedang
Sate Ahmad Yani,motor,weekday,3.0,18.00-21.00,3.0,10.00-13.00,5.0,13.00-18.00,7.0,6.0,3.0,5.0,5.0,2.0,22.0,21.0,13.0,56.0,1000.0,56000.0,280000.0,5376000.0,12.0,11.0,1.0909090909090908,Sedang
lfamidi Wahid Hasyi,mobil,weekday,4.0,12.00-16.00,6.0,16.00-22.00,5.0,"09.00-12.00,
22.00-00.00",2.0,1.0,0.0,1.0,1.0,0.0,6.0,7.0,0.0,13.0,2000.0,26000.0,130000.0,2496000.0,2.0,15.0,0.13333333333333333,Sedang
Tepi Jalan BJ,mobil,weekday,4.0,12.00-16.00,5.0,16.00-21.00,4.0,08.00-12.00,13.0,7.0,3.0,5.0,3.0,2.0,33.0,22.0,11.0,66.0,2000.0,132000.0,660000.0,12672000.0,10.0,13.0,0.7692307692307693,Sedang
Warung SS-JailBreak,mobil,weekday,1.0,12.00-13.00,2.0,18.00-22.00,5.0,13.00-18.00,3.0,2.0,1.0,2.0,1.0,1.0,5.0,4.0,6.0,15.0,2000.0,30000.0,150000.0,2880000.0,4.0,8.0,0.5,Sedang
Sonic Chicken,mobil,weekday,4.0,12.00-16.00,6.0,16.00-22.00,3.0,09.00-12.00,3.0,2.0,1.0,2.0,1.0,0.0,11.0,8.0,1.0,20.0,2000.0,40000.0,200000.0,3840000.0,3.0,13.0,0.23076923076923078,Sedang
famart Wahid Hasyi,mobil,weekday,4.0,18.00-22.00,5.0,07.00-12.00,6.0,12.00-18.00,2.0,1.0,1.0,2.0,1.0,0.0,10.0,6.0,1.0,17.0,2000.0,34000.0,170000.0,3264000.0,3.0,15.0,0.2,Sedang
domaret Wahid Hasy,mobil,weekday,4.0,18.00-22.00,5.0,07.00-12.00,6.0,12.00-18.00,3.0,2.0,1.0,2.0,1.0,0.0,11.0,7.0,1.0,19.0,2000.0,38000.0,190000.0,3648000.0,3.0,15.0,0.2,Sedang
et Chiken Wahid Ha,mobil,weekday,3.0,10.00-13.00,3.0,18.00-21.00,5.0,13.00-18.00,2.0,1.0,1.0,1.0,1.0,0.0,5.0,4.0,1.0,10.0,2000.0,20000.0,100000.0,1920000.0,2.0,11.0,0.18181818181818182,Sedang
Salsa Snack,mobil,weekday,3.0,06.00-09.00,7.0,09.00-16.00,5.0,16.00-21.00,2.0,1.0,0.0,1.0,1.0,0.0,5.0,8.0,0.0,13.0,2000.0,26000.0,130000.0,2496000.0,2.0,15.0,0.13333333333333333,Sedang
Sate Ahmad Yani,mobil,weekday,3.0,18.00-21.00,3.0,10.00-13.00,5.0,13.00-18.00,4.0,2.0,1.0,2.0,1.0,1.0,10.0,5.0,6.0,21.0,2000.0,42000.0,210000.0,4032000.0,4.0,11.0,0.36363636363636365,Sedang
Alfamidi Wahid Hasyim,motor,weekend,4.0,12.00-16.00,6.0,16.00-22.00,5.0,"09.00-12.00, 22.",7.0,3.0,1.0,7.0,2.0,1.0,35.0,15.0,6.0,56.0,1000.0,56000.0,112000.0,2150400.0,10.0,15.0,0.6666666666666666,Sedang
Tepi Jalan BJ,motor,weekend,4.0,12.00-16.00,5.0,16.00-21.00,4.0,08.00-12.00,19.0,9.0,5.0,9.0,3.0,5.0,55.0,24.0,25.0,104.0,1000.0,104000.0,208000.0,3993600.0,17.0,13.0,1.3076923076923077,Sedang
Warung SS-JailBreak,motor,weekend,1.0,12.00-13.00,2.0,18.00-22.00,5.0,13.00-18.00,9.0,4.0,3.0,4.0,3.0,1.0,13.0,10.0,8.0,31.0,1000.0,31000.0,62000.0,1190400.0,8.0,8.0,1.0,Sedang
Sonic Chicken,motor,weekend,4.0,12.00-16.00,6.0,16.00-22.00,3.0,09.00-12.00,8.0,6.0,3.0,5.0,4.0,2.0,28.0,30.0,9.0,67.0,1000.0,67000.0,134000.0,2572800.0,11.0,13.0,0.8461538461538461,Sedang
Alfamart Wahid Hasyim,motor,weekend,4.0,18.00-22.00,5.0,07.00-12.00,6.0,12.00-18.00,7.0,3.0,2.0,7.0,2.0,2.0,35.0,13.0,14.0,62.0,1000.0,62000.0,124000.0,2380800.0,11.0,15.0,0.7333333333333333,Sedang
Indomaret Wahid Hasyim,motor,weekend,4.0,18.00-22.00,5.0,07.00-12.00,6.0,12.00-18.00,7.0,4.0,1.0,7.0,4.0,1.0,35.0,24.0,7.0,66.0,1000.0,66000.0,132000.0,2534400.0,12.0,15.0,0.8,Sedang
ocket Chiken Wahid Hasyi,motor,weekend,3.0,10.00-13.00,3.0,18.00-21.00,5.0,13.00-18.00,9.0,5.0,3.0,7.0,3.0,2.0,30.0,14.0,13.0,57.0,1000.0,57000.0,114000.0,2188800.0,12.0,11.0,1.0909090909090908,Sedang
Salsa Snack,motor,weekend,3.0,06.00-09.00,7.0,09.00-16.00,5.0,16.00-21.00,11.0,5.0,2.0,11.0,5.0,2.0,44.0,40.0,12.0,96.0,1000.0,96000.0,192000.0,3686400.0,18.0,15.0,1.2,Sedang
Sate Ahmad Yani,motor,weekend,3.0,18.00-21.00,3.0,10.00-13.00,5.0,13.00-18.00,9.0,6.0,3.0,7.0,5.0,2.0,30.0,21.0,13.0,64.0,1000.0,64000.0,128000.0,2457600.0,14.0,11.0,1.2727272727272727,Sedang
Alfamidi Wahid Hasyim,mobil,weekend,4.0,12.00-16.00,6.0,16.00-22.00,5.0,"09.00-12.00, 22.0",3.0,2.0,1.0,3.0,2.0,1.0,15.0,14.0,6.0,35.0,2000.0,70000.0,140000.0,2688000.0,6.0,15.0,0.4,Sedang
Tepi Jalan BJ,mobil,weekend,4.0,12.00-16.00,5.0,16.00-21.00,4.0,08.00-12.00,10.0,6.0,3.0,6.0,4.0,2.0,34.0,26.0,11.0,71.0,2000.0,142000.0,284000.0,5452800.0,12.0,13.0,0.9230769230769231,Sedang
Warung SS-JailBreak,mobil,weekend,1.0,12.00-13.00,2.0,18.00-22.00,5.0,13.00-18.00,4.0,2.0,1.0,3.0,1.0,1.0,7.0,4.0,6.0,17.0,2000.0,34000.0,68000.0,1305600.0,5.0,8.0,0.625,Sedang
Sonic Chicken,mobil,weekend,4.0,12.00-16.00,6.0,16.00-22.00,3.0,09.00-12.00,3.0,1.0,1.0,2.0,1.0,0.0,11.0,7.0,1.0,19.0,2000.0,38000.0,76000.0,1459200.0,3.0,13.0,0.23076923076923078,Sedang
Alfamart Wahid Hasyim,mobil,weekend,4.0,18.00-22.00,5.0,07.00-12.00,6.0,12.00-18.00,2.0,2.0,1.0,2.0,1.0,0.0,10.0,7.0,1.0,18.0,2000.0,36000.0,72000.0,1382400.0,3.0,15.0,0.2,Sedang
Indomaret Wahid Hasyim,mobil,weekend,4.0,18.00-22.00,5.0,07.00-12.00,6.0,12.00-18.00,3.0,2.0,1.0,2.0,1.0,1.0,11.0,7.0,7.0,25.0,2000.0,50000.0,100000.0,1920000.0,4.0,15.0,0.26666666666666666,Sedang
Rocket Chiken Wahid Hasyim,mobil,weekend,3.0,10.00-13.00,3.0,18.00-21.00,5.0,13.00-18.00,2.0,2.0,1.0,1.0,1.0,0.0,5.0,5.0,1.0,11.0,2000.0,22000.0,44000.0,844800.0,2.0,11.0,0.18181818181818182,Sedang
Salsa Snack,mobil,weekend,3.0,06.00-09.00,7.0,09.00-16.00,5.0,16.00-21.00,2.0,2.0,0.0,2.0,1.0,0.0,8.0,9.0,0.0,17.0,2000.0,34000.0,68000.0,1305600.0,3.0,15.0,0.2,Sedang
Sate Ahmad Yani,mobil,weekend,3.0,18.00-21.00,3.0,10.00-13.00,5.0,13.00-18.00,5.0,3.0,2.0,2.0,1.0,1.0,11.0,6.0,7.0,24.0,2000.0,48000.0,96000.0,1843200.0,4.0,11.0,0.36363636363636365,Sedang
